metro_area,community_name,builder,phase,street_name,full_address,bedrooms,sqft,list_price,price,status_bucket,status_raw,input_date,closed_date,last_checked_date,status_changed
"Little Rock, AR",White Oak Crossing,Lennar,,Fitzgerald Lane,8209 Fitzgerald Lane,2,1114,198325,198325,withdrawn,WITH,6/16/2025 3:00 PM,,2026-08-03,sold -> withdrawn (2026-08-03)
"Little Rock, AR",White Oak Crossing,Lennar,,Fitzgerald Lane,8305 Fitzgerald Lane,3,1217,176675,166675,sold,SLD,3/19/2025 12:45 PM,9/11/2025,2026-08-03,
"Little Rock, AR",Deerfield,Lennar,,Remington Lane,46 Remington Lane,3,1051,168750,167000,sold,SLD,12/2/2025 2:51 PM,7/22/2026,2026-08-03,
"Little Rock, AR",Stagecoach Meadows,Lennar,,Sarah Alyse Lane,270 Sarah Alyse Lane,2,869,162250,167250,sold,SLD,11/12/2025 1:47 PM,1/30/2026,2026-08-03,
"Little Rock, AR",The Grove At Centennial Valley,Lennar,,Croft Ave,6089 Croft Avenue,2,869,169045,169045,sold,SLD,6/13/2025 12:15 PM,10/17/2025,2026-08-03,
"Little Rock, AR",Deerfield,Lennar,,Doe Run Drive,27 Doe Run Drive,3,1249,169360,169360,sold,SLD,1/31/2025 5:44 PM,11/7/2025,2026-08-03,
"Little Rock, AR",Springlake Trails,Lennar,,Duck Creek Drive,12240 Duck Creek Drive,3,1051,169850,169900,sold,SLD,7/9/2025 12:34 PM,1/29/2026,2026-08-03,
"Little Rock, AR",Deerfield,Lennar,,Ten Point Lane,34 Ten Point Lane,3,1243,172375,170000,sold,SLD,6/30/2025 3:19 PM,9/25/2025,2026-08-03,
"Little Rock, AR",Stagecoach Meadows,Lennar,,Leruss Boulevard,210 Leruss Boulevard,3,1012,172000,172000,sold,SBL,4/22/2025 8:51 AM,4/18/2025,2026-08-03,
"Little Rock, AR",Deerfield,Lennar,,Ten Point Lane,41 Ten Point Lane,3,1355,180205,172000,sold,SLD,7/28/2025 10:19 AM,9/19/2025,2026-08-03,
"Little Rock, AR",Deerfield,Lennar,,Ten Point Lane,43 Ten Point Lane,3,1051,171900,172900,sold,SLD,8/22/2025 10:39 AM,12/11/2025,2026-08-03,
"Little Rock, AR",White Oak Crossing,Lennar,,Mason Drive,10713 Mason Drive,3,1402,218630,218630,sold,SLD,9/30/2025 3:06 PM,12/29/2025,2026-08-03,
"Little Rock, AR",White Oak Crossing,Lennar,,Stacey Lane,8201 Stacey Lane,2,1114,166255,173000,sold,SLD,6/16/2025 2:05 PM,9/17/2025,2026-08-03,
"Little Rock, AR",Deerfield,Lennar,,Remington Lane,39 Remington Lane,3,1051,173900,173900,sold,SLD,10/21/2025 4:15 PM,1/20/2026,2026-08-03,
"Little Rock, AR",Stagecoach Meadows,Lennar,,Maddison Rachael,130 Maddison Rachael,3,1248,175550,174000,sold,SLD,1/29/2026 1:53 PM,4/20/2026,2026-08-03,
"Little Rock, AR",Stagecoach Meadows,Lennar,,Sarah Alyse Lane,45 Sarah Alyse Lane,3,1362,174900,174900,sold,SLD,4/17/2025 5:22 PM,8/25/2025,2026-08-03,
"Little Rock, AR",Stagecoach Meadows,Lennar,,Leruss Boulevard,230 Leruss Boulevard,3,1249,178780,175000,sold,SLD,6/12/2025 9:07 AM,8/8/2025,2026-08-03,
"Little Rock, AR",Deerfield,Lennar,,Ruger Cove,13 Ruger Cove,3,1143,174200,175200,sold,SLD,12/2/2025 2:47 PM,3/5/2026,2026-08-03,
"Little Rock, AR",Deerfield,Lennar,,Buckshot Drive,22 Buckshot Drive,3,1143,176950,176950,sold,SLD,1/6/2026 1:24 PM,4/10/2026,2026-08-03,
"Little Rock, AR",Springlake Trails,Lennar,,River Creek Lane,13081 River Creek Lane,3,1523,216425,215425,sold,SLD,8/22/2024 8:54 PM,10/30/2024,2026-08-03,
"Little Rock, AR",Deerfield,Lennar,,Remington Lane,43 Remington Lane,3,1243,178825,178825,withdrawn,WITH,10/21/2025 1:48 PM,,2026-08-03,
"Little Rock, AR",Stagecoach Meadows,Lennar,,Sarah Alyse Lane,85 Sarah Alyse Lane,4,1459,194555,191555,sold,SLD,7/24/2025 2:28 PM,9/29/2025,2026-08-03,withdrawn -> sold (2026-08-03)
"Little Rock, AR",White Oak Crossing,Lennar,,Stacey Lane,8204 Stacey Lane,3,1145,179025,179025,sold,SLD,6/16/2025 2:37 PM,11/12/2025,2026-08-03,
"Little Rock, AR",Deerfield,Lennar,,Ten Point Lane,35 Ten Point Lane,3,1243,179495,179495,sold,SLD,6/9/2025 3:09 PM,9/25/2025,2026-08-03,
"Little Rock, AR",Stagecoach Meadows,Lennar,,Sarah Alyse Lane,75 Sarah Alyse Lane,3,1249,178900,179900,sold,SLD,4/21/2025 1:38 PM,9/23/2025,2026-08-03,
"Little Rock, AR",Stagecoach Meadows,Lennar,,Kyndall Lauren Lane,85 Kyndall Lauren Lane,3,1249,180900,179900,sold,SLD,12/27/2024 4:56 PM,4/21/2025,2026-08-03,
"Little Rock, AR",Deerfield,Lennar,,Ten Point Lane,13 Ten Point Lane,3,1143,181350,181000,sold,SLD,2/26/2026 12:04 PM,5/21/2026,2026-08-03,
"Little Rock, AR",Southfork Ranch,Lennar,,Powder River Drive,104 Powder River Drive,3,1301,185900,181000,sold,SLD,4/9/2026 3:38 PM,7/15/2026,2026-08-03,
"Little Rock, AR",Deerfield,Lennar,,Buckshot Drive,14 Buckshot Drive,3,1243,181425,181425,sold,SLD,1/21/2026 10:09 AM,5/28/2026,2026-08-03,
"Little Rock, AR",Stagecoach Meadows,Lennar,,Maddison Rachael,40 Maddison Rachael,3,1373,194900,182000,sold,SLD,1/12/2026 11:06 AM,2/23/2026,2026-08-03,
"Little Rock, AR",Stagecoach Meadows,Lennar,,Leruss Boulevard,240 Leruss Boulevard,3,1249,184720,182500,sold,SLD,8/4/2025 4:27 PM,12/16/2025,2026-08-03,
"Little Rock, AR",Deerfield,Lennar,,Sig Cove,11 Sig Cove,3,1355,182870,182870,sold,SLD,6/9/2025 2:50 PM,9/19/2025,2026-08-03,
"Little Rock, AR",Stagecoach Meadows,Lennar,,Kyndall Lauren Lane,35 Kyndall Lauren Lane,3,1402,182885,182885,sold,SLD,2/7/2025 3:19 PM,8/28/2025,2026-08-03,
"Little Rock, AR",Deerfield,Lennar,,Doe Run Drive,29 Doe Run Drive,3,1355,179910,183000,sold,SLD,1/31/2025 5:37 PM,9/18/2025,2026-08-03,
"Little Rock, AR",Stagecoach Meadows,Lennar,,Sarah Alyse Lane,35 Sarah Alyse Lane,3,1249,184060,183000,sold,SLD,2/3/2025 4:35 PM,5/23/2025,2026-08-03,
"Little Rock, AR",Southfork Ranch,Lennar,,Powder River Drive,118 Powder River Drive,3,1301,187150,183825,sold,SLD,3/10/2026 10:19 AM,7/24/2026,2026-08-03,
"Little Rock, AR",Stagecoach Meadows,Lennar,,Maddison Rachael,15 Maddison Rachael,4,1459,194850,184000,sold,SLD,3/10/2026 3:04 PM,4/30/2026,2026-08-03,
"Little Rock, AR",Stagecoach Meadows,Lennar,,Maddison Rachael,120 Maddison Rachael,3,1373,184075,184075,sold,SLD,12/18/2025 1:39 PM,3/27/2026,2026-08-03,
"Little Rock, AR",Stagecoach Meadows,Lennar,,Maddison Rachael,80 Maddison Rachael,3,1373,184375,184375,sold,SLD,12/18/2025 12:13 PM,4/2/2026,2026-08-03,
"Little Rock, AR",White Oak Crossing,Lennar,,Fitzgerald Lane,8208 Fitzgerald Lane,2,1114,184475,184475,sold,SLD,3/28/2025 12:37 PM,7/30/2025,2026-08-03,
"Little Rock, AR",Deerfield,Lennar,,Buckshot Drive,20 Buckshot Drive,3,1243,184575,184575,sold,SLD,1/6/2026 1:28 PM,3/27/2026,2026-08-03,
"Little Rock, AR",Southfork Ranch,Lennar,,Powder River Drive,105 Powder River Drive,3,1288,184900,184900,sold,SLD,1/5/2026 2:57 PM,3/26/2026,2026-08-03,
"Little Rock, AR",Southfork Ranch,Lennar,,Powder River Drive,111 Powder River Drive,3,1301,184900,184900,withdrawn,WITH,1/5/2026 2:42 PM,,2026-08-03,
"Little Rock, AR",Stagecoach Meadows,Lennar,,Kyndall Lauren Lane,105 Kyndall Lauren Lane,3,1362,184900,184900,sold,SLD,12/27/2024 5:29 PM,4/29/2025,2026-08-03,
"Little Rock, AR",Deerfield,Lennar,,Ten Point Lane,15 Ten Point Lane,3,1355,184900,184900,withdrawn,WITH,8/22/2025 10:31 AM,,2026-08-03,
"Little Rock, AR",Southfork Ranch,Lennar,,Powder River Drive,121 Powder River Drive,3,1288,185900,185000,sold,SLD,1/5/2026 2:54 PM,6/15/2026,2026-08-03,
"Little Rock, AR",Deerfield,Lennar,,Ten Point Lane,37 Ten Point Lane,4,1470,189930,185000,sold,SLD,7/28/2025 10:12 AM,9/30/2025,2026-08-03,
"Little Rock, AR",Deerfield,Lennar,,Sig Cove,10 Sig Cove,4,1470,189900,185000,sold,SLD,3/11/2025 9:17 AM,9/30/2025,2026-08-03,
"Little Rock, AR",Stagecoach Meadows,Lennar,,Nona Ruth Lane,20 Nona Ruth Lane,3,1248,186900,185000,sold,SLD,3/18/2026 1:18 PM,5/21/2026,2026-08-03,
"Little Rock, AR",Deerfield,Lennar,,Doe Run Drive,28 Doe Run Drive,3,1425,184435,185435,sold,SLD,3/11/2025 10:27 AM,9/10/2025,2026-08-03,
"Little Rock, AR",Stagecoach Meadows,Lennar,,Kyndall Lauren Lane,80 Kyndall Lauren Lane,3,1340,187900,186000,sold,SLD,12/17/2024 11:38 PM,3/19/2025,2026-08-03,
"Little Rock, AR",Deerfield,Lennar,,Ten Point Lane,21 Ten Point Lane,3,1301,179585,186000,sold,SLD,2/26/2025 3:31 PM,7/31/2025,2026-08-03,
"Little Rock, AR",Stagecoach Meadows,Lennar,,Kyndall Lauren Lane,90 Kyndall Lauren Lane,3,1249,186425,186425,sold,SLD,12/17/2024 11:22 PM,2/11/2025,2026-08-03,
"Little Rock, AR",The Grove At Centennial Valley,Lennar,,Meadows Drive,1295 Meadows Drive,3,1243,186900,186900,sold,SLD,12/14/2024 4:05 PM,2/27/2025,2026-08-03,
"Little Rock, AR",Stagecoach Meadows,Lennar,,Sarah Alyse Lane,145 Sarah Alyse Lane,3,1340,188000,188000,sold,SLD,7/14/2025 11:06 AM,9/19/2025,2026-08-03,
"Little Rock, AR",Southfork Ranch,Lennar,,Powder River Drive,110 Powder River Drive,3,1288,188650,188000,sold,SLD,3/10/2026 9:52 AM,6/4/2026,2026-08-03,
"Little Rock, AR",Stagecoach Meadows,Lennar,,Sarah Alyse Lane,210 Sarah Alyse Lane,3,1248,189125,188000,sold,SLD,8/25/2025 11:30 AM,12/12/2025,2026-08-03,
"Little Rock, AR",Southfork Ranch,Lennar,,Powder River Drive,103 Powder River Drive,4,1496,188450,188450,withdrawn,WITH,1/5/2026 2:50 PM,,2026-08-03,
"Little Rock, AR",Stagecoach Meadows,Lennar,,Sarah Alyse Lane,250 Sarah Alyse Lane,3,1248,188525,188525,withdrawn,WITH,11/12/2025 1:55 PM,,2026-08-03,
"Little Rock, AR",The Grove At Centennial Valley,Lennar,,Hollywood Ave,6634 Hollywood Avenue,3,1051,188900,188900,for_sale,ACT,1/23/2026 3:20 PM,,2026-08-03,
"Little Rock, AR",Springlake Trails,Lennar,,River Valley Drive,11201 River Valley Drive,4,1852,237400,237400,sold,SLD,9/2/2025 3:28 PM,11/12/2025,2026-08-03,
"Little Rock, AR",Southfork Ranch,Lennar,,Powder River Drive,125 Powder River Drive,4,1640,202075,188900,sold,SLD,1/12/2026 2:58 PM,7/24/2026,2026-08-03,
"Little Rock, AR",The Grove At Centennial Valley,Lennar,,Croft Ave,6025 Croft Avenue,3,1243,189495,189000,sold,SLD,2/25/2025 1:48 PM,7/2/2025,2026-08-03,
"Little Rock, AR",Springlake Trails,Lennar,,Thompson Branch Trail,15144 Thompson Branch Trail,4,1470,218900,218900,under_contract,UCT,7/17/2026 1:22 PM,8/31/2026,2026-08-03,for_sale -> under_contract (2026-08-03)
"Little Rock, AR",Deerfield,Lennar,,Ruger Cove,15 Ruger Cove,3,1355,189205,189205,sold,SLD,12/2/2025 2:32 PM,2/26/2026,2026-08-03,
"Little Rock, AR",Stagecoach Meadows,Lennar,,Sarah Alyse Lane,115 Sarah Alyse Lane,3,1402,194530,189280,sold,SLD,7/29/2025 12:26 PM,10/24/2025,2026-08-03,
"Little Rock, AR",Stagecoach Meadows,Lennar,,Sarah Alyse Lane,90 Sarah Alyse Lane,3,1402,192460,189310,sold,SLD,3/6/2025 10:42 AM,7/15/2025,2026-08-03,
"Little Rock, AR",Deerfield,Lennar,,Ten Point Lane,45 Ten Point Lane,4,1470,201505,189500,sold,SLD,6/30/2025 3:04 PM,10/29/2025,2026-08-03,
"Little Rock, AR",Stagecoach Meadows,Lennar,,Sarah Alyse Lane,40 Sarah Alyse Lane,3,1402,189635,189635,sold,SLD,3/6/2025 10:46 AM,6/30/2025,2026-08-03,
"Little Rock, AR",Deerfield,Lennar,,Sig Cove,14 Sig Cove,3,1243,189810,189810,sold,SLD,3/11/2025 10:37 AM,7/21/2025,2026-08-03,
"Little Rock, AR",The Grove At Centennial Valley,Lennar,,Meadows Drive,1289 Meadows Drive,3,1355,189900,189900,sold,SLD,12/14/2024 4:22 PM,3/7/2025,2026-08-03,
"Little Rock, AR",Southfork Ranch,Lennar,I,King Ranch Drive,103 King Ranch Drive,3,1290,189900,189900,for_sale,ACT,7/17/2026 12:34 PM,,2026-08-03,
"Little Rock, AR",Stagecoach Meadows,Lennar,,Maddison Rachael,25 Maddison Rachael,3,1248,189900,189900,for_sale,ACT,3/10/2026 2:55 PM,,2026-08-03,
"Little Rock, AR",Stagecoach Meadows,Lennar,,Sarah Alyse Lane,65 Sarah Alyse Lane,3,1402,190900,189900,sold,SLD,4/17/2025 5:30 PM,6/26/2025,2026-08-03,
"Little Rock, AR",Stagecoach Meadows,Lennar,,Sarah Alyse Lane,105 Sarah Alyse Lane,3,1340,192295,190000,sold,SLD,7/29/2025 12:06 PM,9/16/2025,2026-08-03,
"Little Rock, AR",Stagecoach Meadows,Lennar,,Maddison Rachael,110 Maddison Rachael,3,1402,190505,190505,sold,SLD,12/18/2025 1:46 PM,3/25/2026,2026-08-03,
"Little Rock, AR",Stagecoach Meadows,Lennar,,Maddison Rachael,50 Maddison Rachael,3,1402,191725,191000,sold,SLD,12/30/2025 4:50 PM,2/24/2026,2026-08-03,
"Little Rock, AR",Stagecoach Meadows,Lennar,,Sarah Alyse Lane,240 Sarah Alyse Lane,3,1373,191350,191350,withdrawn,WITH,8/25/2025 12:01 PM,,2026-08-03,
"Little Rock, AR",Deerfield,Lennar,,Buckshot Drive,12 Buckshot Drive,3,1355,191600,191600,sold,SLD,1/21/2026 10:21 AM,5/29/2026,2026-08-03,
"Little Rock, AR",Stagecoach Meadows,Lennar,,Maddison Rachael,85 Maddison Rachael,3,1248,191900,191900,for_sale,ACT,4/29/2026 1:22 PM,,2026-08-03,
"Little Rock, AR",Cottage Walk,Lennar,Phase 1,Raven Walk Dr,1000 Raven Walk Drive,3,1051,191900,191900,under_contract,UCT,4/24/2026 1:36 PM,8/27/2026,2026-08-03,
"Little Rock, AR",The Grove At Centennial Valley,Lennar,,Croft Ave,6041 Croft Avenue,3,1355,194835,192000,sold,SLD,2/25/2025 1:03 PM,7/8/2025,2026-08-03,
"Little Rock, AR",Deerfield,Lennar,,Ten Point Lane,17 Ten Point Lane,4,1470,192425,192425,sold,SLD,2/26/2026 12:00 PM,6/12/2026,2026-08-03,
"Little Rock, AR",Stagecoach Meadows,Lennar,,Maddison Rachael,100 Maddison Rachael,4,1459,194225,192500,sold,SLD,12/18/2025 1:43 PM,3/31/2026,2026-08-03,
"Little Rock, AR",Stagecoach Meadows,Lennar,,Sarah Alyse Lane,155 Sarah Alyse Lane,3,1402,194605,192605,sold,SLD,7/1/2025 4:50 PM,11/21/2025,2026-08-03,
"Little Rock, AR",Deerfield,Lennar,,Ten Point Lane,27 Ten Point Lane,3,1420,194650,192650,sold,SLD,3/11/2025 9:58 AM,8/26/2025,2026-08-03,
"Little Rock, AR",Deerfield,Lennar,,Ten Point Lane,11 Ten Point Lane,4,1470,193825,193000,sold,SLD,2/26/2026 11:56 AM,5/29/2026,2026-08-03,
"Little Rock, AR",Deerfield,Lennar,,Doe Run Drive,30 Doe Run Drive,3,1505,194625,193000,sold,SLD,10/29/2025 1:12 PM,4/24/2026,2026-08-03,
"Little Rock, AR",Stagecoach Meadows,Lennar,,Kyndall Lauren Lane,115 Kyndall Lauren Lane,3,1355,194000,193000,sold,SLD,12/27/2024 6:12 PM,3/14/2025,2026-08-03,
"Little Rock, AR",Stagecoach Meadows,Lennar,,Sarah Alyse Lane,30 Sarah Alyse Lane,4,1459,194660,193000,sold,SLD,2/3/2025 4:13 PM,6/27/2025,2026-08-03,
"Little Rock, AR",Stagecoach Meadows,Lennar,,Nona Ruth Lane,30 Nona Ruth Lane,4,1496,194050,193050,sold,SLD,3/18/2026 1:15 PM,5/27/2026,2026-08-03,
"Little Rock, AR",The Grove At Centennial Valley,Lennar,,Hollywood Ave,6688 Hollywood Avenue,3,1051,193400,193400,for_sale,ACT,3/10/2026 1:51 PM,,2026-08-03,
"Little Rock, AR",Stagecoach Meadows,Lennar,,Sarah Alyse Lane,70 Sarah Alyse Lane,4,1496,201910,193800,sold,SLD,2/3/2025 3:33 PM,6/30/2025,2026-08-03,
"Little Rock, AR",Stagecoach Meadows,Lennar,,Sarah Alyse Lane,50 Sarah Alyse Lane,3,1355,193870,193870,sold,SLD,3/14/2025 1:08 PM,7/16/2025,2026-08-03,
"Little Rock, AR",Deerfield,Lennar,,Ten Point Lane,42 Ten Point Lane,3,1143,193975,193975,withdrawn,WITH,7/1/2025 11:13 AM,,2026-08-03,
"Little Rock, AR",Southfork Ranch,Lennar,,Powder River Drive,112 Powder River Drive,4,1640,198875,194000,sold,SLD,4/9/2026 3:40 PM,7/24/2026,2026-08-03,
"Little Rock, AR",Stagecoach Meadows,Lennar,,Sarah Alyse Lane,175 Sarah Alyse Lane,3,1249,194080,194080,sold,SLD,7/2/2025 9:18 AM,11/14/2025,2026-08-03,
"Little Rock, AR",The Grove At Centennial Valley,Lennar,,Meadows Drive,1503 Meadows Drive,3,1243,205145,194145,sold,SLD,6/13/2025 11:14 AM,7/18/2025,2026-08-03,
"Little Rock, AR",Deerfield,Lennar,,Ruger Cove,14 Ruger Cove,4,1470,194605,194605,withdrawn,WITH,12/2/2025 2:22 PM,,2026-08-03,
"Little Rock, AR",Stagecoach Meadows,Lennar,,Leruss Boulevard,250 Leruss Boulevard,3,1248,194630,194630,withdrawn,WITH,7/2/2025 8:41 AM,,2026-08-03,
"Little Rock, AR",Deerfield,Lennar,,Buckshot Drive,18 Buckshot Drive,3,1355,191650,194650,sold,SLD,1/21/2026 10:15 AM,5/28/2026,2026-08-03,
"Little Rock, AR",Stagecoach Meadows,Lennar,,Maddison Rachael,70 Maddison Rachael,4,1459,194805,194805,sold,SLD,1/12/2026 11:02 AM,2/23/2026,2026-08-03,
"Little Rock, AR",Stagecoach Meadows,Lennar,,Kyndall Lauren Lane,95 Kyndall Lauren Lane,4,1459,194900,194900,sold,SLD,12/27/2024 5:10 PM,5/5/2025,2026-08-03,
"Little Rock, AR",Stagecoach Meadows,Lennar,,Kyndall Lauren Lane,25 Kyndall Lauren Lane,3,1362,190135,195000,sold,SLD,2/7/2025 3:07 PM,6/3/2025,2026-08-03,
"Little Rock, AR",Stagecoach Meadows,Lennar,,Maddison Rachael,140 Maddison Rachael,4,1496,190700,195000,sold,SLD,1/29/2026 1:33 PM,4/20/2026,2026-08-03,
"Little Rock, AR",Stagecoach Meadows,Lennar,,Maddison Rachael,30 Maddison Rachael,4,1699,197300,195300,sold,SLD,11/19/2025 12:36 PM,2/25/2026,2026-08-03,
"Little Rock, AR",Stagecoach Meadows,Lennar,,Sarah Alyse Lane,200 Sarah Alyse Lane,4,1459,200355,195355,sold,SLD,8/25/2025 12:19 PM,12/12/2025,2026-08-03,
"Little Rock, AR",Deerfield,Lennar,,Ten Point Lane,39 Ten Point Lane,3,1523,193710,195710,sold,SLD,7/28/2025 10:24 AM,10/10/2025,2026-08-03,
"Little Rock, AR",Stagecoach Meadows,Lennar,,Maddison Rachael,160 Maddison Rachael,4,1459,194600,195875,sold,SLD,1/29/2026 1:28 PM,4/22/2026,2026-08-03,
"Little Rock, AR",Deerfield,Lennar,,Sig Cove,13 Sig Cove,3,1633,194900,195900,sold,SLD,6/9/2025 3:19 PM,9/25/2025,2026-08-03,
"Little Rock, AR",Stagecoach Meadows,Lennar,,Nona Ruth Lane,60 Nona Ruth Lane,3,1402,197900,196000,sold,SLD,4/8/2026 11:00 AM,7/17/2026,2026-08-03,
"Little Rock, AR",Stagecoach Meadows,Lennar,,Sarah Alyse Lane,125 Sarah Alyse Lane,4,1459,196065,196065,sold,SLD,7/29/2025 12:12 PM,9/10/2025,2026-08-03,
"Little Rock, AR",Deerfield,Lennar,,Ten Point Lane,44 Ten Point Lane,3,1243,196075,196075,withdrawn,WITH,6/30/2025 3:14 PM,,2026-08-03,
"Little Rock, AR",Deerfield,Lennar,,Ten Point Lane,23 Ten Point Lane,4,1470,199610,196300,sold,SLD,2/26/2025 3:15 PM,7/10/2025,2026-08-03,
"Little Rock, AR",The Grove At Centennial Valley,Lennar,,Hollywood Ave,6696 Hollywood Avenue,3,1051,196400,196400,for_sale,ACT,7/23/2026 12:38 PM,,2026-08-03,
"Little Rock, AR",Stagecoach Meadows,Lennar,,Sarah Alyse Lane,300 Sarah Alyse Lane,4,1459,196580,196580,withdrawn,WITH,10/2/2025 4:25 PM,,2026-08-03,
"Little Rock, AR",Deerfield,Lennar,,Sig Cove,17 Sig Cove,3,1523,197460,197460,sold,SLD,6/9/2025 3:46 PM,8/22/2025,2026-08-03,
"Little Rock, AR",Stagecoach Meadows,Lennar,,Sarah Alyse Lane,310 Sarah Alyse Lane,3,1402,197525,197525,withdrawn,WITH,11/12/2025 2:21 PM,,2026-08-03,
"Little Rock, AR",Stagecoach Meadows,Lennar,,Sarah Alyse Lane,290 Sarah Alyse Lane,4,1496,197625,197625,withdrawn,WITH,9/24/2025 2:16 PM,,2026-08-03,
"Little Rock, AR",Stagecoach Meadows,Lennar,,Sarah Alyse Lane,190 Sarah Alyse Lane,3,1402,197700,197700,withdrawn,WITH,7/2/2025 8:30 AM,,2026-08-03,
"Little Rock, AR",Southfork Ranch,Lennar,,Powder River Drive,100 Powder River Drive,4,1496,197900,197900,under_contract,UCT,6/18/2026 1:09 PM,,2026-08-03,
"Little Rock, AR",Deerfield,Lennar,,Doe Run Drive,31 Doe Run Drive,4,1470,198000,198000,sold,SLD,1/31/2025 5:59 PM,6/23/2025,2026-08-03,
"Little Rock, AR",The Grove At Centennial Valley,Lennar,,Croft Ave,6024 Croft Avenue,3,1355,199945,198000,sold,SLD,2/25/2025 12:55 PM,5/15/2025,2026-08-03,
"Little Rock, AR",Stagecoach Meadows,Lennar,,Sarah Alyse Lane,185 Sarah Alyse Lane,4,1459,198125,198125,withdrawn,WITH,7/2/2025 8:54 AM,,2026-08-03,
"Little Rock, AR",Stagecoach Meadows,Lennar,,Maddison Rachael,10 Maddison Rachael,3,1355,198195,198195,withdrawn,WITH,11/12/2025 2:11 PM,,2026-08-03,
"Little Rock, AR",Stagecoach Meadows,Lennar,,Sarah Alyse Lane,180 Sarah Alyse Lane,3,1373,197150,198650,sold,SLD,7/2/2025 8:48 AM,10/17/2025,2026-08-03,
"Little Rock, AR",The Grove At Centennial Valley,Lennar,,Croft Ave,6049 Croft Avenue,4,1496,198810,198810,sold,SLD,2/25/2025 1:22 PM,7/28/2025,2026-08-03,
"Little Rock, AR",The Grove At Centennial Valley,Lennar,,Meadows Drive,1281 Meadows Drive,3,1523,199900,198850,sold,SLD,10/14/2024 7:27 PM,2/18/2025,2026-08-03,
"Little Rock, AR",The Grove At Centennial Valley,Lennar,,Meadows Drive,1384 Meadows Drive,4,1470,198860,198860,sold,SLD,12/14/2024 3:58 PM,1/29/2025,2026-08-03,
"Little Rock, AR",Stagecoach Meadows,Lennar,,Maddison Rachael,65 Maddison Rachael,3,1402,198900,198900,under_contract,UCT,4/29/2026 1:35 PM,8/27/2026,2026-08-03,
"Little Rock, AR",Cypress Bend,Lennar,,IM Drive,8108 Kim Drive,3,1249,199410,199410,sold,SLD,2/5/2025 5:11 PM,7/23/2025,2026-08-03,
"Little Rock, AR",Stagecoach Meadows,Lennar,,Maddison Rachael,180 Maddison Rachael,4,1496,199450,199450,sold,SLD,3/10/2026 2:59 PM,5/13/2026,2026-08-03,
"Little Rock, AR",White Oak Crossing,Lennar,,Stacey Lane,8305 Stacey Lane,3,1249,199570,199570,sold,SLD,6/16/2025 1:53 PM,8/20/2025,2026-08-03,
"Little Rock, AR",Southfork Ranch,Lennar,,Powder River Drive,115 Powder River Drive,3,1472,199600,199600,sold,SLD,1/12/2026 11:21 AM,3/25/2026,2026-08-03,
"Little Rock, AR",Southfork Ranch,Lennar,,Powder River Drive,106 Powder River Drive,3,1472,199600,199600,for_sale,ACT,3/10/2026 10:34 AM,,2026-08-03,
"Little Rock, AR",The Grove At Centennial Valley,Lennar,,Croft Ave,6056 Croft Avenue,3,1355,199610,199610,sold,SLD,1/12/2025 11:11 PM,5/21/2025,2026-08-03,
"Little Rock, AR",Deerfield,Lennar,,Sig Cove,16 Sig Cove,4,1470,199825,199825,sold,SLD,3/11/2025 9:30 AM,7/17/2025,2026-08-03,
"Little Rock, AR",The Grove At Centennial Valley,Lennar,,Hollywood Ave,6665 Hollywood Avenue,3,1143,199900,199900,under_contract,UCT,4/8/2026 11:50 AM,7/20/2026,2026-08-03,
"Little Rock, AR",Southfork Ranch,Lennar,,Powder River Drive,126 Powder River Drive,4,1496,199900,199900,for_sale,ACT,6/25/2026 9:57 AM,,2026-08-03,
"Little Rock, AR",Southfork Ranch,Lennar,I,King Ranch Drive,101 King Ranch Drive,3,1413,199900,199900,for_sale,ACT,7/17/2026 12:29 PM,,2026-08-03,
"Little Rock, AR",The Grove At Centennial Valley,Lennar,,Olympic Drive,4575 Olympic Drive,4,1496,199900,199900,sold,SLD,12/27/2024 12:12 PM,4/29/2025,2026-08-03,
"Little Rock, AR",Southfork Ranch,Lennar,,Powder River Drive,113 Powder River Drive,4,1496,199900,199900,withdrawn,WITH,1/5/2026 2:48 PM,,2026-08-03,
"Little Rock, AR",Stagecoach Meadows,Lennar,,Maddison Rachael,90 Maddison Rachael,4,1699,204950,200000,sold,SLD,1/23/2026 9:30 AM,3/25/2026,2026-08-03,withdrawn -> sold (2026-08-03)
"Little Rock, AR",White Oak Crossing,Lennar,,Fitzgerald Lane,8200 Fitzgerald Lane,3,1249,199970,199970,sold,SLD,3/28/2025 12:51 PM,8/14/2025,2026-08-03,
"Little Rock, AR",Deerfield,Lennar,,Ten Point Lane,25 Ten Point Lane,3,1523,189900,200000,sold,SLD,2/26/2025 3:37 PM,10/21/2025,2026-08-03,
"Little Rock, AR",The Grove At Centennial Valley,Lennar,,Croft Ave,6072 Croft Avenue,3,1243,201900,200000,sold,SLD,1/5/2025 8:06 PM,3/25/2025,2026-08-03,
"Little Rock, AR",The Grove At Centennial Valley,Lennar,,Hollywood Ave,6672 Hollywood Avenue,3,1243,205650,200000,sold,SLD,4/8/2026 11:43 AM,5/20/2026,2026-08-03,
"Little Rock, AR",Stagecoach Meadows,Lennar,,Sarah Alyse Lane,110 Sarah Alyse Lane,3,1402,202900,200400,sold,SLD,3/20/2025 3:10 PM,9/25/2025,2026-08-03,
"Little Rock, AR",Stagecoach Meadows,Lennar,,Sarah Alyse Lane,120 Sarah Alyse Lane,4,1459,200860,200800,sold,SLD,7/2/2025 9:03 AM,10/10/2025,2026-08-03,
"Little Rock, AR",Deerfield,Lennar,,Ruger Cove,11 Ruger Cove,4,1613,200805,200805,sold,SLD,12/2/2025 2:43 PM,2/24/2026,2026-08-03,
"Little Rock, AR",Southfork Ranch,Lennar,,Powder River Drive,122 Powder River Drive,3,1472,200900,200900,sold,SLD,5/6/2026 12:37 PM,7/10/2026,2026-08-03,
"Little Rock, AR",Southfork Ranch,Lennar,,Powder River Drive,102 Powder River Drive,4,1613,202425,201000,sold,SLD,4/9/2026 3:42 PM,7/10/2026,2026-08-03,
"Little Rock, AR",Southfork Ranch,Lennar,,Powder River Drive,109 Powder River Drive,4,1613,204295,201000,sold,SLD,2/3/2026 1:16 PM,6/30/2026,2026-08-03,
"Little Rock, AR",Midland Estates,Lennar,Phase 1,Ted Craig Drive,3140 Ted Craig Drive,3,1243,208225,201175,sold,SLD,12/30/2025 2:16 PM,3/31/2026,2026-08-03,
"Little Rock, AR",Stagecoach Meadows,Lennar,,Sarah Alyse Lane,165 Sarah Alyse Lane,3,1362,201225,201225,withdrawn,WITH,8/5/2025 10:28 AM,,2026-08-03,
"Little Rock, AR",Deerfield,Lennar,,Ruger Cove,10 Ruger Cove,3,1523,201225,201225,sold,SLD,1/6/2026 1:33 PM,3/31/2026,2026-08-03,
"Little Rock, AR",Deerfield,Lennar,,Sig Cove,12 Sig Cove,3,1355,199775,201275,sold,SLD,3/11/2025 9:24 AM,6/30/2025,2026-08-03,
"Little Rock, AR",Southfork Ranch,Lennar,,Powder River Drive,128 Powder River Drive,4,1496,201900,201900,for_sale,ACT,6/18/2026 1:17 PM,,2026-08-03,
"Little Rock, AR",Cottage Walk,Lennar,Phase 1,Raven Walk Dr,1048 Raven Walk Drive,3,1301,207900,202000,sold,SLD,3/27/2026 11:04 AM,7/16/2026,2026-08-03,
"Little Rock, AR",Cottage Walk,Lennar,Phase 1,Raven Walk Dr,1028 Raven Walk Drive,3,1248,202450,202450,sold,SLD,3/27/2026 11:36 AM,6/30/2026,2026-08-03,
"Little Rock, AR",Stagecoach Meadows,Lennar,,Maddison Rachael,150 Maddison Rachael,4,1699,203750,202750,sold,SLD,1/29/2026 1:42 PM,4/27/2026,2026-08-03,
"Little Rock, AR",Deerfield,Lennar,,Remington Lane,44 Remington Lane,3,1633,204780,202780,sold,SLD,10/2/2025 3:52 PM,1/29/2026,2026-08-03,
"Little Rock, AR",Stagecoach Meadows,Lennar,,Nona Ruth Lane,110 Nona Ruth Lane,3,1248,202900,202900,for_sale,ACT,6/23/2026 2:47 PM,,2026-08-03,
"Little Rock, AR",The Grove At Centennial Valley,Lennar,,Bassett St,2312 Bassett Street,3,1243,204900,203000,sold,SLD,6/10/2026 12:39 PM,7/22/2026,2026-08-03,
"Little Rock, AR",Southfork Ranch,Lennar,,Powder River Drive,124 Powder River Drive,4,1640,205500,203000,sold,SLD,5/6/2026 12:33 PM,7/27/2026,2026-08-03,
"Little Rock, AR",Southfork Ranch,Lennar,,Powder River Drive,116 Powder River Drive,4,1613,203350,203350,sold,SLD,3/10/2026 10:03 AM,7/16/2026,2026-08-03,
"Little Rock, AR",Cottage Walk,Lennar,Phase 1,Raven Walk Dr,1092 Raven Walk Drive,3,1301,203400,203400,sold,SLD,3/27/2026 10:49 AM,4/30/2026,2026-08-03,
"Little Rock, AR",Deerfield,Lennar,,Ten Point Lane,40 Ten Point Lane,3,1523,203525,203525,withdrawn,WITH,6/30/2025 3:31 PM,,2026-08-03,
"Little Rock, AR",The Grove At Centennial Valley,Lennar,,Croft Ave,6057 Croft Avenue,3,1523,204000,204000,sold,SLD,2/25/2025 1:53 PM,8/14/2025,2026-08-03,
"Little Rock, AR",The Grove At Centennial Valley,Lennar,,Meadows Drive,1537 Meadows Drive,4,1496,220745,204000,sold,SLD,6/13/2025 11:03 AM,7/24/2025,2026-08-03,
"Little Rock, AR",The Grove At Centennial Valley,Lennar,,Croft Ave,6017 Croft Avenue,3,1422,206610,204000,sold,SLD,3/14/2025 5:13 PM,7/9/2025,2026-08-03,
"Little Rock, AR",Cypress Bend,Lennar,,Jonathan Drive,142 Jonathan Drive,3,1051,204300,204300,for_sale,ACT,4/24/2026 2:06 PM,,2026-08-03,
"Little Rock, AR",Southfork Ranch,Lennar,,Southfork Drive,102 Southfork Drive,3,1472,204550,204550,for_sale,ACT,7/23/2026 11:43 AM,,2026-08-03,
"Little Rock, AR",Southfork Ranch,Lennar,,Powder River Drive,108 Powder River Drive,4,1496,205700,204900,sold,SLD,3/10/2026 10:23 AM,4/29/2026,2026-08-03,
"Little Rock, AR",The Grove At Centennial Valley,Lennar,,Croft Ave,6073 Croft Avenue,3,1422,204910,204910,sold,SLD,2/25/2025 1:43 PM,6/13/2025,2026-08-03,
"Little Rock, AR",Midland Estates,Lennar,Phase 1,Cornus Drive,5101 Cornus Drive,3,1243,208750,205000,sold,SLD,2/3/2026 12:42 PM,4/28/2026,2026-08-03,
"Little Rock, AR",Deerfield,Lennar,,Sig Cove,15 Sig Cove,4,1652,207025,205000,sold,SLD,6/9/2025 3:57 PM,9/10/2025,2026-08-03,
"Little Rock, AR",Midland Estates,Lennar,Phase 1,Sam Tillery Dr,2244 Sam Tillery Drive,3,1243,209750,205000,sold,SLD,2/3/2026 12:38 PM,4/28/2026,2026-08-03,
"Little Rock, AR",The Grove At Centennial Valley,Lennar,,Meadows Drive,1368 Meadows Drive,3,1633,206785,205000,sold,SLD,12/14/2024 3:39 PM,2/14/2025,2026-08-03,
"Little Rock, AR",Stagecoach Meadows,Lennar,,Maddison Rachael,115 Maddison Rachael,3,1373,205550,205550,for_sale,ACT,7/17/2026 2:30 PM,,2026-08-03,
"Little Rock, AR",Stagecoach Meadows,Lennar,,Sarah Alyse Lane,95 Sarah Alyse Lane,4,1496,205560,205560,sold,SLD,6/11/2025 5:10 PM,7/25/2025,2026-08-03,
"Little Rock, AR",Stagecoach Meadows,Lennar,,Leruss Boulevard,170 Leruss Boulevard,4,1459,205825,205825,sold,SLD,10/31/2024 9:23 PM,2/6/2025,2026-08-03,
"Little Rock, AR",Cottage Walk,Lennar,Phase 1,Raven Walk Dr,1012 Raven Walk Drive,3,1301,205900,205900,sold,SLD,5/4/2026 9:59 AM,6/26/2026,2026-08-03,
"Little Rock, AR",Cottage Walk,Lennar,Phase 1,Rambling Brook Drive,1628 Rambling Brook Drive,3,1216,205900,205900,for_sale,ACT,6/10/2026 9:48 AM,,2026-08-03,
"Little Rock, AR",Stagecoach Meadows,Lennar,,Nona Ruth Lane,90 Nona Ruth Lane,4,1699,205900,205900,sold,SLD,4/8/2026 10:51 AM,7/29/2026,2026-08-03,
"Little Rock, AR",The Grove At Centennial Valley,Lennar,,Cobblefield Cove,5017 Cobblefield Cove,3,1355,207675,206000,sold,SLD,12/30/2025 5:30 PM,4/28/2026,2026-08-03,
"Little Rock, AR",Midland Estates,Lennar,Phase 1,Sam Tillery Dr,2413 Sam Tillery Drive,3,1243,207750,206000,sold,SLD,2/3/2026 12:44 PM,4/27/2026,2026-08-03,
"Little Rock, AR",Southfork Ranch,Lennar,,Powder River Drive,117 Powder River Drive,4,1630,206900,206900,withdrawn,WITH,1/5/2026 3:02 PM,,2026-08-03,
"Little Rock, AR",Cypress Bend,Lennar,,Lucy Lane,113 Lucy Lane,3,1051,206900,206900,for_sale,ACT,6/10/2026 10:12 AM,,2026-08-03,
"Little Rock, AR",White Oak Crossing,Lennar,,Fitzgerald Lane,8204 Fitzgerald Lane,4,1459,207000,207000,sold,SLD,3/28/2025 12:45 PM,6/27/2025,2026-08-03,
"Little Rock, AR",Panther Cove,Lennar,,Gussy Lane,771 Gussy Lane,4,1459,221200,207000,sold,SLD,4/2/2026 1:21 PM,4/28/2026,2026-08-03,
"Little Rock, AR",The Grove At Centennial Valley,Lennar,,Hollywood Ave,6641 Hollywood Avenue,3,1355,209005,207005,sold,SLD,12/30/2025 5:33 PM,3/27/2026,2026-08-03,
"Little Rock, AR",Deerfield,Lennar,,Buckshot Drive,21 Buckshot Drive,3,1633,207550,207550,sold,SLD,12/30/2025 1:29 PM,3/20/2026,2026-08-03,
"Little Rock, AR",The Grove At Centennial Valley,Lennar,,Meadows Drive,1511 Meadows Drive,4,1470,212655,207655,sold,SLD,6/13/2025 10:52 AM,7/31/2025,2026-08-03,
"Little Rock, AR",Deerfield,Lennar,,Ruger Cove,12 Ruger Cove,4,1613,207700,207700,sold,SLD,1/28/2026 2:15 PM,2/26/2026,2026-08-03,
"Little Rock, AR",Stagecoach Meadows,Lennar,,Nona Ruth Lane,40 Nona Ruth Lane,4,1699,210600,207900,sold,SLD,4/8/2026 10:48 AM,5/28/2026,2026-08-03,
"Little Rock, AR",White Oak Crossing,Lennar,,Fitzgerald Lane,8304 Fitzgerald Lane,3,1402,209675,208000,sold,SLD,3/28/2025 12:41 PM,6/30/2025,2026-08-03,
"Little Rock, AR",The Vineyard,Lennar,,Cabernet Way,7 Cabernet Way,3,1290,208300,208300,for_sale,ACT,6/24/2026 1:14 PM,,2026-08-03,
"Little Rock, AR",Deerfield,Lennar,,Buckshot Drive,16 Buckshot Drive,4,1652,209475,208475,sold,SLD,1/21/2026 10:03 AM,5/26/2026,2026-08-03,
"Little Rock, AR",Cottage Walk,Lennar,Phase 1,Raven Walk Dr,1084 Raven Walk Drive,4,1459,210750,208750,sold,SLD,3/27/2026 1:12 PM,4/21/2026,2026-08-03,
"Little Rock, AR",Stagecoach Meadows,Lennar,,Sarah Alyse Lane,55 Sarah Alyse Lane,4,1699,208900,208900,sold,SLD,4/17/2025 5:27 PM,5/28/2025,2026-08-03,
"Little Rock, AR",Stagecoach Meadows,Lennar,,Nona Ruth Lane,100 Nona Ruth Lane,4,1459,208900,208900,for_sale,ACT,6/23/2026 2:26 PM,,2026-08-03,
"Little Rock, AR",Stagecoach Meadows,Lennar,,Sarah Alyse Lane,100 Sarah Alyse Lane,4,1613,208905,208905,sold,SLD,6/13/2025 9:54 AM,10/21/2025,2026-08-03,
"Little Rock, AR",Midland Estates,Lennar,Phase 1,Ted Craig Drive,3149 Ted Craig Drive,3,1243,211475,209000,sold,SLD,12/30/2025 2:04 PM,4/21/2026,2026-08-03,
"Little Rock, AR",Deerfield,Lennar,,Remington Lane,47 Remington Lane,4,1470,209155,209155,withdrawn,WITH,10/29/2025 1:21 PM,,2026-08-03,
"Little Rock, AR",Southfork Ranch,Lennar,,Powder River Drive,127 Powder River Drive,4,1613,209800,209200,sold,SLD,1/30/2026 1:41 PM,6/24/2026,2026-08-03,
"Little Rock, AR",Deerfield,Lennar,,Ten Point Lane,32 Ten Point Lane,4,1613,209400,209400,withdrawn,WITH,6/30/2025 2:59 PM,,2026-08-03,
"Little Rock, AR",The Grove At Centennial Valley,Lennar,,Croft Ave,6080 Croft Avenue,4,1470,209420,209420,sold,SLD,4/11/2025 4:45 PM,7/18/2025,2026-08-03,
"Little Rock, AR",Stagecoach Meadows,Lennar,,Maddison Rachael,60 Maddison Rachael,4,1699,211450,209500,sold,SLD,11/26/2025 1:07 PM,3/3/2026,2026-08-03,
"Little Rock, AR",The Grove At Centennial Valley,Lennar,,Hollywood Ave,6656 Hollywood Avenue,3,1355,211550,209500,sold,SLD,3/10/2026 2:07 PM,5/14/2026,2026-08-03,
"Little Rock, AR",Stagecoach Meadows,Lennar,,Leruss Boulevard,200 Leruss Boulevard,4,1699,209635,209635,sold,SLD,3/19/2025 4:37 PM,5/30/2025,2026-08-03,
"Little Rock, AR",Stagecoach Meadows,Lennar,,Kyndall Lauren Lane,110 Kyndall Lauren Lane,4,1699,209800,209800,sold,SLD,12/27/2024 4:22 PM,4/25/2025,2026-08-03,
"Little Rock, AR",Panther Cove,Lennar,,Gussy Lane,763 Gussy Lane,3,1523,210850,209850,sold,SLD,3/6/2026 10:34 AM,4/24/2026,2026-08-03,
"Little Rock, AR",Stagecoach Meadows,Lennar,,Nona Ruth Lane,120 Nona Ruth Lane,3,1402,209900,209900,for_sale,ACT,7/23/2026 12:09 PM,,2026-08-03,
"Little Rock, AR",Panther Cove,Lennar,,Gussy Lane,818 Gussy Lane,3,1355,211900,209900,sold,SLD,4/7/2026 3:28 PM,4/30/2026,2026-08-03,
"Little Rock, AR",Panther Cove,Lennar,,Gussy Lane,806 Gussy Lane,3,1355,209900,209900,sold,SLD,4/7/2026 4:17 PM,6/24/2026,2026-08-03,
"Little Rock, AR",Stagecoach Meadows,Lennar,,Maddison Rachael,35 Maddison Rachael,3,1402,209900,209900,sold,SLD,3/18/2026 1:25 PM,5/28/2026,2026-08-03,
"Little Rock, AR",Southfork Ranch,Lennar,I,King Ranch Drive,105 King Ranch Drive,3,1569,209900,209900,for_sale,ACT,7/17/2026 12:40 PM,,2026-08-03,
"Little Rock, AR",Cypress Bend,Lennar,,Lucy Lane,110 Lucy Lane,3,1051,209900,209900,for_sale,ACT,7/17/2026 11:02 AM,,2026-08-03,
"Little Rock, AR",Stagecoach Meadows,Lennar,,Leruss Boulevard,25 Leruss Boulevard,4,1470,209900,209900,withdrawn,WITH,8/25/2025 11:19 AM,,2026-08-03,
"Little Rock, AR",Stagecoach Meadows,Lennar,,Sarah Alyse Lane,25 Sarah Alyse Lane,4,1699,209910,209910,sold,SLD,2/3/2025 4:30 PM,4/22/2025,2026-08-03,
"Little Rock, AR",The Grove At Centennial Valley,Lennar,,Croft Ave,6032 Croft Avenue,3,1422,209950,209950,sold,SLD,2/25/2025 1:39 PM,4/25/2025,2026-08-03,
"Little Rock, AR",The Grove At Centennial Valley,Lennar,,Hollywood Ave,6657 Hollywood Avenue,4,1470,211000,210000,sold,SLD,4/8/2026 11:30 AM,5/15/2026,2026-08-03,
"Little Rock, AR",Panther Cove,Lennar,,Gussy Lane,787 Gussy Lane,3,1523,213650,210000,sold,SLD,4/7/2026 3:43 PM,4/28/2026,2026-08-03,
"Little Rock, AR",Cypress Bend,Lennar,,Sofia Drive,107 Sofia Drive,3,1248,215900,210000,sold,SLD,3/5/2026 9:36 AM,5/28/2026,2026-08-03,
"Little Rock, AR",Stagecoach Meadows,Lennar,,Sarah Alyse Lane,135 Sarah Alyse Lane,4,1699,210000,210000,sold,SLD,6/27/2025 2:20 PM,8/11/2025,2026-08-03,
"Little Rock, AR",The Grove At Centennial Valley,Lennar,,Meadows Drive,1360 Meadows Drive,4,1652,210150,210150,sold,SLD,12/14/2024 3:45 PM,1/31/2025,2026-08-03,
"Little Rock, AR",The Grove At Centennial Valley,Lennar,,Meadows Drive,1487 Meadows Drive,3,1523,211555,210155,sold,SLD,7/2/2025 12:08 PM,8/25/2025,2026-08-03,
"Little Rock, AR",Stagecoach Meadows,Lennar,,Sarah Alyse Lane,230 Sarah Alyse Lane,4,1613,212545,210195,sold,SLD,9/2/2025 3:49 PM,12/8/2025,2026-08-03,
"Little Rock, AR",The Grove At Centennial Valley,Lennar,,Meadows Drive,1479 Meadows Drive,3,1355,210680,210680,sold,SLD,7/2/2025 11:59 AM,8/25/2025,2026-08-03,
"Little Rock, AR",Cottage Walk,Lennar,Phase 1,Raven Walk Dr,1056 Raven Walk Drive,4,1459,210750,210750,sold,SLD,3/27/2026 12:57 PM,5/27/2026,2026-08-03,
"Little Rock, AR",Cottage Walk,Lennar,Phase 1,Rambling Brook Drive,1617 Rambling Brook Drive,3,1301,210900,210900,for_sale,ACT,7/23/2026 9:49 AM,,2026-08-03,
"Little Rock, AR",Stagecoach Meadows,Lennar,,Leruss Boulevard,220 Leruss Boulevard,4,1699,204955,211000,sold,SLD,7/2/2025 8:34 AM,10/14/2025,2026-08-03,
"Little Rock, AR",Stagecoach Meadows,Lennar,,Maddison Rachael,170 Maddison Rachael,3,1402,208900,211100,sold,SLD,1/29/2026 2:03 PM,6/29/2026,2026-08-03,
"Little Rock, AR",The Grove At Centennial Valley,Lennar,,Hollywood Ave,6649 Hollywood Avenue,3,1422,213000,211500,sold,SLD,1/23/2026 3:16 PM,5/20/2026,2026-08-03,
"Little Rock, AR",Stagecoach Meadows,Lennar,,Sarah Alyse Lane,80 Sarah Alyse Lane,4,1613,211525,211525,sold,SLD,3/14/2025 1:13 PM,5/7/2025,2026-08-03,
"Little Rock, AR",The Grove At Centennial Valley,Lennar,,Croft Ave,6065 Croft Avenue,4,1470,214545,211545,sold,SLD,2/25/2025 1:31 PM,5/15/2025,2026-08-03,
"Little Rock, AR",The Grove At Centennial Valley,Lennar,,Meadows Drive,1455 Meadows Drive,3,1422,213555,211555,sold,SLD,7/2/2025 11:54 AM,8/27/2025,2026-08-03,
"Little Rock, AR",Panther Cove,Lennar,,Gussy Lane,759 Gussy Lane,4,1633,211600,211600,sold,SBL,4/1/2026 1:44 PM,3/31/2026,2026-08-03,
"Little Rock, AR",Cypress Bend,Lennar,,Sofia Drive,102 Sofia Drive,3,1248,212680,211680,sold,SLD,1/6/2026 12:44 PM,4/20/2026,2026-08-03,
"Little Rock, AR",Deerfield,Lennar,,Ten Point Lane,38 Ten Point Lane,4,1652,217755,211755,sold,SLD,6/30/2025 3:25 PM,10/23/2025,2026-08-03,
"Little Rock, AR",Deerfield,Lennar,,Ruger Cove,16 Ruger Cove,4,1652,211830,211830,sold,SLD,12/2/2025 2:38 PM,4/2/2026,2026-08-03,
"Little Rock, AR",The Grove At Centennial Valley,Lennar,,Croft Ave,6064 Croft Avenue,4,1470,211900,211900,sold,SLD,1/5/2025 8:18 PM,3/31/2025,2026-08-03,
"Little Rock, AR",Stagecoach Meadows,Lennar,,Nona Ruth Lane,50 Nona Ruth Lane,4,1459,211900,211900,sold,SLD,3/18/2026 1:21 PM,5/28/2026,2026-08-03,
"Little Rock, AR",Cottage Walk,Lennar,Phase 1,Rambling Brook Drive,1620 Rambling Brook Drive,3,1355,211900,211900,for_sale,ACT,6/10/2026 9:43 AM,,2026-08-03,
"Little Rock, AR",Stagecoach Meadows,Lennar,,Maddison Rachael,105 Maddison Rachael,4,1459,211900,211900,for_sale,ACT,6/23/2026 2:09 PM,,2026-08-03,
"Little Rock, AR",Panther Cove,Lennar,,Gussy Lane,794 Gussy Lane,3,1355,211900,211900,sold,SLD,4/7/2026 4:14 PM,5/29/2026,2026-08-03,
"Little Rock, AR",The Grove At Centennial Valley,Lennar,,Hollywood Ave,6681 Hollywood Avenue,3,1422,213900,211900,sold,SLD,4/8/2026 11:33 AM,5/28/2026,2026-08-03,
"Little Rock, AR",Panther Cove,Lennar,,Gussy Lane,767 Gussy Lane,3,1633,214450,212000,sold,SLD,3/5/2026 11:59 AM,4/29/2026,2026-08-03,
"Little Rock, AR",Midland Estates,Lennar,Phase 1,Ted Craig Drive,3116 Ted Craig Drive,3,1355,212000,212000,sold,SLD,1/21/2026 11:17 AM,5/11/2026,2026-08-03,
"Little Rock, AR",The Grove At Centennial Valley,Lennar,,Meadows Drive,1527 Meadows Drive,3,1355,212000,212000,sold,SBL,7/25/2025 9:04 AM,7/23/2025,2026-08-03,
"Little Rock, AR",Deerfield,Lennar,,Ten Point Lane,19 Ten Point Lane,4,1613,213150,212000,sold,SLD,2/26/2025 3:23 PM,7/3/2025,2026-08-03,
"Little Rock, AR",The Grove At Centennial Valley,Lennar,,Croft Ave,6016 Croft Avenue,4,1496,212675,212675,sold,SLD,2/25/2025 1:16 PM,5/30/2025,2026-08-03,
"Little Rock, AR",The Grove At Centennial Valley,Lennar,,Meadows Drive,1463 Meadows Drive,4,1470,212885,212885,sold,SLD,7/2/2025 11:50 AM,8/14/2025,2026-08-03,
"Little Rock, AR",Stagecoach Meadows,Lennar,,Maddison Rachael,55 Maddison Rachael,4,1459,212900,212900,sold,SLD,4/29/2026 1:28 PM,7/24/2026,2026-08-03,
"Little Rock, AR",Stagecoach Meadows,Lennar,,Maddison Rachael,45 Maddison Rachael,4,1496,216100,213000,sold,SLD,3/18/2026 1:04 PM,5/27/2026,2026-08-03,
"Little Rock, AR",Stagecoach Meadows,Lennar,,Sarah Alyse Lane,20 Sarah Alyse Lane,4,1613,213000,213000,sold,SLD,2/3/2025 4:20 PM,4/11/2025,2026-08-03,
"Little Rock, AR",The Grove At Centennial Valley,Lennar,,Croft Ave,6009 Croft Avenue,4,1496,217550,214000,sold,SLD,3/14/2025 5:16 PM,5/28/2025,2026-08-03,
"Little Rock, AR",White Oak Crossing,Lennar,,Stacey Lane,8209 Stacey Lane,4,1459,214155,214155,sold,SLD,6/16/2025 2:14 PM,7/22/2025,2026-08-03,
"Little Rock, AR",Stagecoach Meadows,Lennar,,Kyndall Lauren Lane,125 Kyndall Lauren Lane,4,1613,214490,214490,sold,SLD,12/27/2024 4:37 PM,4/28/2025,2026-08-03,
"Little Rock, AR",White Oak Crossing,Lennar,,Stacey Lane,8208 Stacey Lane,4,1459,215500,214500,sold,SLD,6/16/2025 3:04 PM,9/30/2025,2026-08-03,
"Little Rock, AR",The Grove At Centennial Valley,Lennar,,Croft Ave,6008 Croft Avenue,4,1470,214535,214535,sold,SLD,2/25/2025 1:27 PM,4/23/2025,2026-08-03,
"Little Rock, AR",Stagecoach Meadows,Lennar,,Nona Ruth Lane,70 Nona Ruth Lane,3,1612,214900,214900,under_contract,UCT,4/29/2026 1:41 PM,7/9/2026,2026-08-03,
"Little Rock, AR",The Grove At Centennial Valley,Lennar,,Olympic Drive,4567 Olympic Drive,4,1640,214900,214900,sold,SLD,1/31/2025 4:21 PM,3/21/2025,2026-08-03,
"Little Rock, AR",Panther Cove,Lennar,,Gussy Lane,814 Gussy Lane,3,1442,214900,214900,sold,SLD,4/2/2026 1:10 PM,5/6/2026,2026-08-03,
"Little Rock, AR",The Grove At Centennial Valley,Lennar,,Bassett St,2337 Bassett Street,3,1422,216400,215100,sold,SLD,5/6/2026 2:13 PM,7/30/2026,2026-08-03,
"Little Rock, AR",Midland Estates,Lennar,Phase 1,Ted Craig Drive,3133 Ted Craig Drive,3,1381,219125,215125,sold,SLD,12/30/2025 1:44 PM,3/17/2026,2026-08-03,
"Little Rock, AR",Stagecoach Meadows,Lennar,,Sarah Alyse Lane,60 Sarah Alyse Lane,4,1699,215185,215185,sold,SLD,2/3/2025 4:04 PM,4/25/2025,2026-08-03,
"Little Rock, AR",Stagecoach Meadows,Lennar,,Sarah Alyse Lane,220 Sarah Alyse Lane,4,1699,215275,215275,sold,SLD,8/25/2025 11:44 AM,11/25/2025,2026-08-03,
"Little Rock, AR",Cottage Walk,Lennar,Phase 1,Raven Walk Dr,1040 Raven Walk Drive,4,1496,215400,215400,sold,SLD,3/27/2026 11:09 AM,6/26/2026,2026-08-03,
"Little Rock, AR",Southfork Ranch,Lennar,,Powder River Drive,123 Powder River Drive,4,1852,215600,215600,sold,SLD,1/12/2026 3:01 PM,3/27/2026,2026-08-03,
"Little Rock, AR",The Grove At Centennial Valley,Lennar,,Hollywood Ave,6648 Hollywood Avenue,4,1470,217600,215600,sold,SLD,3/10/2026 2:01 PM,5/28/2026,2026-08-03,
"Little Rock, AR",Rosemary Fields,Lennar,,Flat Wood Ave,209 Flat Wood Avenue,3,1290,215900,215900,for_sale,ACT,7/21/2026 4:26 PM,,2026-08-03,
"Little Rock, AR",The Vineyard,Lennar,,E Concord Road,103 E Concord Road,3,1413,215900,215900,for_sale,ACT,6/24/2026 3:53 PM,,2026-08-03,
"Little Rock, AR",Panther Cove,Lennar,,Gussy Lane,834 Gussy Lane,3,1442,215900,215900,sold,SLD,4/7/2026 3:22 PM,5/18/2026,2026-08-03,
"Little Rock, AR",The Grove At Centennial Valley,Lennar,,Hollywood Ave,6673 Hollywood Avenue,4,1470,217900,215900,sold,SLD,4/8/2026 11:27 AM,5/28/2026,2026-08-03,
"Little Rock, AR",Stagecoach Meadows,Lennar,,Maddison Rachael,75 Maddison Rachael,3,1612,215900,215900,sold,SLD,4/29/2026 1:50 PM,6/29/2026,2026-08-03,
"Little Rock, AR",The Grove At Centennial Valley,Lennar,,Croft Ave,6040 Croft Avenue,3,1523,216235,216000,sold,SLD,1/12/2025 11:39 PM,3/31/2025,2026-08-03,
"Little Rock, AR",Midland Estates,Lennar,Phase 1,Ted Craig Drive,3109 Ted Craig Drive,3,1355,219825,216000,sold,SLD,1/6/2026 2:06 PM,3/18/2026,2026-08-03,
"Little Rock, AR",Cottage Walk,Lennar,Phase 1,Raven Walk Dr,1036 Raven Walk Drive,4,1459,216295,216295,sold,SLD,3/31/2026 3:08 PM,6/30/2026,2026-08-03,
"Little Rock, AR",Southfork Ranch,Lennar,,Powder River Drive,119 Powder River Drive,4,1840,216900,216325,sold,SLD,1/5/2026 3:06 PM,5/22/2026,2026-08-03,
"Little Rock, AR",Cottage Walk,Lennar,Phase 1,Rambling Brook Drive,1612 Rambling Brook Drive,4,1459,218700,216700,sold,SLD,5/22/2026 11:33 AM,7/29/2026,2026-08-03,
"Little Rock, AR",Stagecoach Meadows,Lennar,,Kyndall Lauren Lane,120 Kyndall Lauren Lane,4,1699,216700,216700,sold,SLD,4/3/2025 3:45 PM,7/28/2025,2026-08-03,
"Little Rock, AR",Cottage Walk,Lennar,Phase 1,Raven Walk Dr,1044 Raven Walk Drive,3,1651,216900,216900,under_contract,UCT,4/7/2026 11:46 AM,8/28/2026,2026-08-03,
"Little Rock, AR",Cottage Walk,Lennar,Phase 1,Raven Walk Dr,1016 Raven Walk Drive,3,1651,216900,216900,under_contract,UCT,4/7/2026 11:41 AM,8/18/2026,2026-08-03,
"Little Rock, AR",Cottage Walk,Lennar,Phase 1,Raven Walk Dr,1004 Raven Walk Drive,3,1612,216900,216900,under_contract,UCT,5/22/2026 11:30 AM,8/31/2026,2026-08-03,
"Little Rock, AR",Panther Cove,Lennar,,Gussy Lane,786 Gussy Lane,4,1459,219900,216900,sold,SLD,4/2/2026 1:16 PM,6/29/2026,2026-08-03,
"Little Rock, AR",Cottage Walk,Lennar,Phase 1,Rambling Brook Drive,1600 Rambling Brook Drive,4,1442,216900,216900,sold,SBL,7/17/2026 4:22 PM,7/16/2026,2026-08-03,
"Little Rock, AR",Cottage Walk,Lennar,Phase 1,Rambling Brook Drive,1613 Rambling Brook Drive,3,1441,216900,216900,for_sale,ACT,7/23/2026 9:59 AM,,2026-08-03,
"Little Rock, AR",The Vineyard,Lennar,,Cabernet Way,12 Cabernet Way,3,1413,216900,216900,for_sale,ACT,7/23/2026 3:03 PM,,2026-08-03,
"Little Rock, AR",White Oak Crossing,Lennar,,Fitzgerald Lane,8205 Fitzgerald Lane,4,1459,216925,216925,sold,SLD,3/19/2025 1:20 PM,7/22/2025,2026-08-03,
"Little Rock, AR",Cottage Walk,Lennar,Phase 1,Raven Walk Dr,1052 Raven Walk Drive,4,1699,231900,217000,sold,SLD,4/7/2026 12:25 PM,4/24/2026,2026-08-03,
"Little Rock, AR",Stagecoach Meadows,Lennar,,Sarah Alyse Lane,260 Sarah Alyse Lane,4,1699,213925,217000,sold,SLD,10/16/2025 11:10 AM,12/1/2025,2026-08-03,
"Little Rock, AR",The Grove At Centennial Valley,Lennar,,Cobblefield Cove,5016 Cobblefield Cove,4,1496,214900,217000,sold,SLD,12/30/2025 5:25 PM,4/17/2026,2026-08-03,
"Little Rock, AR",The Grove At Centennial Valley,Lennar,,Hollywood Ave,6642 Hollywood Avenue,3,1523,218900,217000,sold,SLD,1/23/2026 3:23 PM,5/26/2026,2026-08-03,
"Little Rock, AR",Panther Cove,Lennar,,Gussy Lane,830 Gussy Lane,4,1459,217400,217400,sold,SLD,3/6/2026 10:29 AM,4/29/2026,2026-08-03,
"Little Rock, AR",White Oak Crossing,Lennar,,Fitzgerald Lane,8201 Fitzgerald Lane,3,1402,217475,217475,sold,SLD,3/19/2025 1:26 PM,7/23/2025,2026-08-03,
"Little Rock, AR",Midland Estates,Lennar,Phase 1,Ted Craig Drive,3132 Ted Craig Drive,3,1381,217500,217500,sold,SLD,12/30/2025 1:54 PM,5/18/2026,2026-08-03,
"Little Rock, AR",Panther Cove,Lennar,,Gussy Lane,779 Gussy Lane,3,1633,217600,217600,sold,SLD,3/5/2026 12:05 PM,4/22/2026,2026-08-03,
"Little Rock, AR",Cypress Bend,Lennar,,IM Drive,8016 Kim Drive,3,1362,217775,217775,sold,SLD,4/11/2025 3:31 PM,6/24/2025,2026-08-03,
"Little Rock, AR",Stagecoach Meadows,Lennar,,Sarah Alyse Lane,280 Sarah Alyse Lane,4,1699,217800,217800,sold,SLD,11/13/2025 1:30 PM,12/12/2025,2026-08-03,
"Little Rock, AR",Southfork Ranch,Lennar,,Powder River Drive,107 Powder River Drive,4,1852,222165,217815,sold,SLD,1/12/2026 10:01 AM,1/27/2026,2026-08-03,
"Little Rock, AR",The Grove At Centennial Valley,Lennar,,Hollywood Ave,6680 Hollywood Avenue,3,1523,220500,217850,sold,SLD,3/10/2026 1:55 PM,5/28/2026,2026-08-03,
"Little Rock, AR",Cypress Bend,Lennar,,IM Drive,8300 Kim Drive,4,1470,217900,217900,sold,SBL,7/31/2026 11:56 AM,7/30/2026,2026-08-03,
"Little Rock, AR",Rosemary Fields,Lennar,,Flat Wood Ave,141 Flat Wood Avenue,4,1500,217900,217900,for_sale,ACT,7/21/2026 4:58 PM,,2026-08-03,
"Little Rock, AR",Deerfield,Lennar,,Remington Lane,48 Remington Lane,4,1652,219180,217900,sold,SLD,10/2/2025 3:40 PM,12/22/2025,2026-08-03,
"Little Rock, AR",The Grove At Centennial Valley,Lennar,,Hollywood Ave,6633 Hollywood Avenue,4,1470,217980,217980,sold,SBL,4/1/2026 1:59 PM,3/30/2026,2026-08-03,
"Little Rock, AR",Midland Estates,Lennar,Phase 1,Ted Craig Drive,3148 Ted Craig Drive,3,1381,218475,218475,sold,SLD,12/30/2025 1:50 PM,5/22/2026,2026-08-03,
"Little Rock, AR",Midland Estates,Lennar,Phase 1,Ted Craig Drive,3117 Ted Craig Drive,4,1439,218500,218500,sold,SLD,1/6/2026 2:02 PM,3/27/2026,2026-08-03,
"Little Rock, AR",Deerfield,Lennar,,Ten Point Lane,36 Ten Point Lane,3,1425,218675,218675,withdrawn,WITH,6/30/2025 3:36 PM,,2026-08-03,
"Little Rock, AR",The Grove At Centennial Valley,Lennar,,Bassett St,2361 Bassett Street,4,1470,218900,218900,under_contract,UCT,6/10/2026 12:31 PM,8/27/2026,2026-08-03,
"Little Rock, AR",Cottage Walk,Lennar,Phase 1,Raven Walk Dr,1032 Raven Walk Drive,3,1612,218900,218900,sold,SLD,3/27/2026 11:14 AM,6/22/2026,2026-08-03,
"Little Rock, AR",Cottage Walk,Lennar,Phase 1,Rambling Brook Drive,1605 Rambling Brook Drive,4,1496,218900,218900,for_sale,ACT,4/24/2026 1:29 PM,,2026-08-03,
"Little Rock, AR",Panther Cove,Lennar,,Gussy Lane,778 Gussy Lane,3,1523,221900,218900,sold,SLD,5/6/2026 12:26 PM,7/30/2026,2026-08-03,
"Little Rock, AR",The Grove At Centennial Valley,Lennar,,Cobblefield Cove,5009 Cobblefield Cove,4,1652,219900,218900,sold,SLD,3/10/2026 2:24 PM,4/28/2026,2026-08-03,
"Little Rock, AR",Cypress Bend,Lennar,,IM Drive,8020 Kim Drive,3,1402,221035,219035,sold,SLD,4/11/2025 3:44 PM,6/30/2025,2026-08-03,
"Little Rock, AR",Cypress Bend,Lennar,,IM Drive,8100 Kim Drive,4,1459,219120,219120,sold,SLD,2/5/2025 5:05 PM,5/29/2025,2026-08-03,
"Little Rock, AR",The Vineyard,Lennar,,Cabernet Way,5 Cabernet Way,3,1569,219200,219200,under_contract,UCT,6/25/2026 9:07 AM,8/27/2026,2026-08-03,
"Little Rock, AR",The Grove At Centennial Valley,Lennar,,Bassett St,2360 Bassett Street,4,1496,219400,219400,other,PCHG,7/23/2026 1:12 PM,,2026-08-03,
"Little Rock, AR",Stagecoach Meadows,Lennar,,Maddison Rachael,125 Maddison Rachael,4,1699,219450,219450,for_sale,ACT,6/23/2026 1:58 PM,,2026-08-03,
"Little Rock, AR",The Grove At Centennial Valley,Lennar,,Croft Ave,6048 Croft Avenue,4,1652,219535,219535,sold,SLD,1/12/2025 11:29 PM,4/16/2025,2026-08-03,
"Little Rock, AR",Stagecoach Meadows,Lennar,,Nona Ruth Lane,10 Nona Ruth Lane,4,1613,219775,219775,sold,SLD,4/8/2026 10:55 AM,5/11/2026,2026-08-03,
"Little Rock, AR",Panther Cove,Lennar,,Gussy Lane,750 Gussy Lane,3,1442,223400,219900,sold,SLD,5/20/2026 12:39 PM,6/18/2026,2026-08-03,
"Little Rock, AR",Cottage Walk,Lennar,Phase 1,Rambling Brook Drive,1608 Rambling Brook Drive,4,1496,219900,219900,under_contract,UCT,5/22/2026 11:26 AM,8/7/2026,2026-08-03,
"Little Rock, AR",Cypress Bend,Lennar,,Sofia Drive,113 Sofia Drive,3,1402,221900,219900,sold,SLD,3/5/2026 9:45 AM,4/29/2026,2026-08-03,
"Little Rock, AR",Rosemary Fields,Lennar,,Flat Wood Ave,221 Flat Wood Avenue,3,1413,219900,219900,for_sale,ACT,7/21/2026 4:46 PM,,2026-08-03,
"Little Rock, AR",The Grove At Centennial Valley,Lennar,,Croft Ave,6112 Croft Avenue,4,1496,219900,219900,for_sale,ACT,7/23/2026 1:17 PM,,2026-08-03,
"Little Rock, AR",Midland Estates,Lennar,Phase 1,Sam Tillery Dr,2220 Sam Tillery Drive,3,1446,219900,219900,sold,SLD,2/3/2026 12:00 PM,6/9/2026,2026-08-03,
"Little Rock, AR",Cottage Walk,Lennar,Phase 1,Rambling Brook Drive,1616 Rambling Brook Drive,3,1472,224700,220000,sold,SLD,5/22/2026 11:41 AM,7/17/2026,2026-08-03,
"Little Rock, AR",Cypress Bend,Lennar,,Sofia Drive,106 Sofia Drive,3,1402,221055,220055,sold,SLD,1/6/2026 1:01 PM,4/17/2026,2026-08-03,
"Little Rock, AR",The Grove At Centennial Valley,Lennar,,Bassett St,2329 Bassett Street,3,1523,220400,220400,under_contract,UCT,4/8/2026 11:37 AM,8/14/2026,2026-08-03,
"Little Rock, AR",Cypress Bend,Lennar,,Sofia Drive,110 Sofia Drive,3,1373,220710,220710,sold,SLD,12/24/2025 12:55 PM,3/27/2026,2026-08-03,
"Little Rock, AR",Cypress Bend,Lennar,,Jonathan Drive,140 Jonathan Drive,3,1248,220900,220900,sold,SLD,4/24/2026 2:03 PM,7/22/2026,2026-08-03,
"Little Rock, AR",Rosemary Fields,Lennar,,Flat Wood Ave,201 Flat Wood Avenue,3,1413,220900,220900,for_sale,ACT,7/21/2026 4:43 PM,,2026-08-03,
"Little Rock, AR",The Grove At Centennial Valley,Lennar,,Croft Ave,6104 Croft Avenue,3,1523,220900,220900,under_contract,UCT,7/23/2026 12:42 PM,9/23/2026,2026-08-03,
"Little Rock, AR",The Grove At Centennial Valley,Lennar,,Croft Ave,6096 Croft Avenue,3,1523,220900,220900,for_sale,ACT,7/23/2026 12:44 PM,,2026-08-03,
"Little Rock, AR",Midland Estates,Lennar,Phase 1,Sam Tillery Dr,2405 Sam Tillery Drive,4,1470,221750,221000,sold,SLD,1/30/2026 1:55 PM,4/29/2026,2026-08-03,
"Little Rock, AR",Cottage Walk,Lennar,Phase 1,Raven Walk Dr,1080 Raven Walk Drive,4,1699,221067,221067,sold,SLD,3/27/2026 11:41 AM,4/30/2026,2026-08-03,
"Little Rock, AR",The Grove At Centennial Valley,Lennar,,Meadows Drive,1471 Meadows Drive,4,1852,221330,221330,sold,SLD,7/2/2025 12:03 PM,8/26/2025,2026-08-03,
"Little Rock, AR",The Grove At Centennial Valley,Lennar,,Bassett St,2320 Bassett Street,4,1470,221400,221400,under_contract,UCT,6/10/2026 12:34 PM,8/27/2026,2026-08-03,
"Little Rock, AR",The Grove At Centennial Valley,Lennar,,Bassett St,2344 Bassett Street,3,1523,221800,221800,for_sale,ACT,6/10/2026 12:25 PM,,2026-08-03,
"Little Rock, AR",Southfork Ranch,Lennar,,Powder River Drive,120 Powder River Drive,4,1852,221815,221815,sold,SLD,3/10/2026 10:38 AM,5/15/2026,2026-08-03,
"Little Rock, AR",White Oak Crossing,Lennar,,Lori Kaye Drive,10200 Lori Kaye Drive,4,1470,221900,221900,sold,SBL,7/31/2026 12:01 PM,7/30/2026,2026-08-03,
"Little Rock, AR",The Vineyard,Lennar,,Cabernet Way,8 Cabernet Way,3,1569,221900,221900,for_sale,ACT,6/25/2026 9:04 AM,,2026-08-03,
"Little Rock, AR",Southfork Ranch,Lennar,,Powder River Drive,114 Powder River Drive,4,1852,221900,221900,sold,SBL,5/18/2026 11:35 AM,5/15/2026,2026-08-03,
"Little Rock, AR",Cypress Bend,Lennar,,IM Drive,8024 Kim Drive,3,1402,223980,222000,sold,SLD,2/5/2025 5:17 PM,4/30/2025,2026-08-03,
"Little Rock, AR",Midland Estates,Lennar,Phase 1,Sam Tillery Dr,2397 Sam Tillery Drive,3,1355,219900,222125,sold,SLD,3/3/2026 12:32 PM,6/17/2026,2026-08-03,
"Little Rock, AR",Cottage Walk,Lennar,Phase 1,Raven Walk Dr,1020 Raven Walk Drive,4,1442,215900,222700,sold,SLD,3/27/2026 11:28 AM,7/15/2026,2026-08-03,
"Little Rock, AR",Panther Cove,Lennar,,Gussy Lane,783 Gussy Lane,4,1613,224900,222900,sold,SLD,4/7/2026 3:50 PM,4/13/2026,2026-08-03,
"Little Rock, AR",Panther Cove,Lennar,,Gussy Lane,790 Gussy Lane,4,1613,234965,222900,sold,SLD,4/7/2026 3:52 PM,5/27/2026,2026-08-03,
"Little Rock, AR",Panther Cove,Lennar,,Gussy Lane,802 Gussy Lane,4,1459,222900,222900,under_contract,UCT,4/2/2026 1:18 PM,8/14/2026,2026-08-03,
"Little Rock, AR",Midland Estates,Lennar,Phase 1,Sam Tillery Dr,2356 Sam Tillery Drive,3,1446,225900,222900,sold,SLD,5/4/2026 10:20 AM,6/29/2026,2026-08-03,
"Little Rock, AR",Midland Estates,Lennar,Phase 1,Sam Tillery Dr,2180 Sam Tillery Drive,3,1355,222900,222900,under_contract,UCT,7/23/2026 10:56 AM,9/28/2026,2026-08-03,
"Little Rock, AR",The Grove At Centennial Valley,Lennar,,Croft Ave,6113 Croft Avenue,3,1523,222900,222900,for_sale,ACT,7/23/2026 12:46 PM,,2026-08-03,
"Little Rock, AR",Midland Estates,Lennar,Phase 1,Sam Tillery Dr,2228 Sam Tillery Drive,3,1355,225100,222900,sold,SLD,1/21/2026 11:28 AM,5/29/2026,2026-08-03,
"Little Rock, AR",Deerfield,Lennar,,Remington Lane,45 Remington Lane,4,1613,223105,223105,withdrawn,WITH,10/21/2025 1:39 PM,,2026-08-03,
"Little Rock, AR",Midland Estates,Lennar,Phase 1,Sam Tillery Dr,2389 Sam Tillery Drive,4,1470,226050,223900,sold,SLD,3/3/2026 12:28 PM,6/9/2026,2026-08-03,
"Little Rock, AR",Cypress Bend,Lennar,,IM Drive,8304 Kim Drive,3,1523,223900,223900,under_contract,UCT,7/29/2026 12:17 PM,8/27/2026,2026-08-03,
"Little Rock, AR",Midland Estates,Lennar,Phase 1,Sam Tillery Dr,2349 Sam Tillery Drive,3,1446,226900,223900,sold,SLD,4/2/2026 11:25 AM,6/30/2026,2026-08-03,
"Little Rock, AR",Midland Estates,Lennar,Phase 1,Sam Tillery Dr,2396 Sam Tillery Drive,3,1446,225900,224000,sold,SLD,4/7/2026 2:41 PM,6/25/2026,2026-08-03,
"Little Rock, AR",Cottage Walk,Lennar,Phase 1,Raven Walk Dr,1088 Raven Walk Drive,3,1651,224000,224000,sold,SLD,3/27/2026 12:52 PM,6/11/2026,2026-08-03,
"Little Rock, AR",Magnolia Manor,Lennar,,Manor Court,1410 Manor Court,4,1470,224400,224400,under_contract,UCT,7/6/2026 10:25 AM,8/28/2026,2026-08-03,
"Little Rock, AR",Panther Cove,Lennar,,Gussy Lane,775 Gussy Lane,4,1852,224650,224650,sold,SLD,3/6/2026 10:20 AM,5/14/2026,2026-08-03,
"Little Rock, AR",Magnolia Manor,Lennar,,Manor Court,1408 Manor Court,3,1523,224750,224750,under_contract,UCT,7/17/2026 12:05 PM,8/21/2026,2026-08-03,
"Little Rock, AR",The Grove At Centennial Valley,Lennar,,Meadows Drive,1376 Meadows Drive,4,1652,224870,224870,sold,SLD,1/19/2025 10:25 PM,1/31/2025,2026-08-03,
"Little Rock, AR",Cypress Bend,Lennar,,Lucy Lane,105 Lucy Lane,3,1373,224900,224900,under_contract,UCT,6/18/2026 12:24 PM,9/10/2026,2026-08-03,
"Little Rock, AR",Midland Estates,Lennar,Phase 1,Sam Tillery Dr,2309 Sam Tillery Drive,4,1439,224900,224900,sold,SLD,6/18/2026 12:48 PM,7/30/2026,2026-08-03,
"Little Rock, AR",Panther Cove,Lennar,,Gussy Lane,810 Gussy Lane,4,1613,224900,224900,sold,SLD,4/7/2026 4:04 PM,5/29/2026,2026-08-03,
"Little Rock, AR",Magnolia Manor,Lennar,,Manor Oaks Blvd,1406 Manor Oaks Boulevard,3,1355,224900,224900,for_sale,ACT,7/23/2026 10:35 AM,,2026-08-03,
"Little Rock, AR",Midland Estates,Lennar,Phase 1,Sam Tillery Dr,2365 Sam Tillery Drive,4,1470,227900,224900,sold,SLD,4/2/2026 11:19 AM,6/29/2026,2026-08-03,
"Little Rock, AR",Cottage Walk,Lennar,Phase 1,Rambling Brook Drive,1621 Rambling Brook Drive,3,1612,224900,224900,for_sale,ACT,7/23/2026 9:54 AM,,2026-08-03,
"Little Rock, AR",The Grove At Centennial Valley,Lennar,,Croft Ave,6033 Croft Avenue,4,1652,224970,224970,sold,SLD,2/25/2025 1:59 PM,5/15/2025,2026-08-03,
"Little Rock, AR",The Grove At Centennial Valley,Lennar,,Meadows Drive,1519 Meadows Drive,4,1652,229600,225000,sold,SLD,6/11/2025 12:15 PM,9/4/2025,2026-08-03,
"Little Rock, AR",Cottage Walk,Lennar,Phase 1,Rambling Brook Drive,1601 Rambling Brook Drive,3,1612,225000,225000,for_sale,ACT,4/24/2026 1:31 PM,,2026-08-03,
"Little Rock, AR",Cypress Bend,Lennar,,Jonathan Drive,144 Jonathan Drive,3,1402,229150,225150,sold,SLD,5/22/2026 11:56 AM,7/31/2026,2026-08-03,
"Little Rock, AR",Rosemary Fields,Lennar,,Flat Wood Ave,205 Flat Wood Avenue,3,1569,225900,225900,for_sale,ACT,7/21/2026 4:40 PM,,2026-08-03,
"Little Rock, AR",The Grove At Centennial Valley,Lennar,,Meadows Drive,1495 Meadows Drive,4,1652,225980,225980,sold,SLD,6/27/2025 1:51 PM,11/3/2025,2026-08-03,
"Little Rock, AR",Cottage Walk,Lennar,Phase 1,Raven Walk Dr,1008 Raven Walk Drive,4,1699,228900,226000,sold,SLD,5/22/2026 11:38 AM,6/18/2026,2026-08-03,
"Little Rock, AR",Midland Estates,Lennar,Phase 1,Ted Craig Drive,3125 Ted Craig Drive,3,1446,228530,226000,sold,SLD,1/6/2026 1:54 PM,4/29/2026,2026-08-03,
"Little Rock, AR",Cypress Bend,Lennar,,IM Drive,8104 Kim Drive,3,1362,226455,226455,sold,SLD,2/3/2025 9:21 AM,3/31/2025,2026-08-03,
"Little Rock, AR",Midland Estates,Lennar,Phase 1,Sam Tillery Dr,2373 Sam Tillery Drive,3,1355,226500,226500,under_contract,UCT,4/2/2026 11:30 AM,7/28/2026,2026-08-03,
"Little Rock, AR",Midland Estates,Lennar,Phase 1,Sam Tillery Dr,2364 Sam Tillery Drive,4,1470,226900,226900,sold,SBL,7/1/2026 3:42 PM,6/30/2026,2026-08-03,
"Little Rock, AR",Rosemary Fields,Lennar,,Flat Wood Ave,217 Flat Wood Avenue,3,1569,226900,226900,for_sale,ACT,7/21/2026 4:37 PM,,2026-08-03,
"Little Rock, AR",Cottage Walk,Lennar,Phase 1,Raven Walk Dr,1024 Raven Walk Drive,4,1699,229900,226900,sold,SLD,4/7/2026 11:57 AM,6/17/2026,2026-08-03,
"Little Rock, AR",Cypress Bend,Lennar,,Jonathan Drive,146 Jonathan Drive,3,1373,226900,226900,sold,SBL,6/30/2026 3:53 PM,6/30/2026,2026-08-03,
"Little Rock, AR",The Vineyard,Lennar,,Cabernet Way,3 Cabernet Way,4,1732,226900,226900,under_contract,UCT,6/24/2026 4:44 PM,,2026-08-03,
"Little Rock, AR",Midland Estates,Lennar,Phase 1,Sam Tillery Dr,2245 Sam Tillery Drive,3,1381,226900,226900,for_sale,ACT,7/23/2026 11:05 AM,,2026-08-03,
"Little Rock, AR",Midland Estates,Lennar,Phase 1,Sam Tillery Dr,2341 Sam Tillery Drive,4,1439,226900,226900,sold,SLD,5/22/2026 12:29 PM,7/31/2026,2026-08-03,
"Little Rock, AR",Midland Estates,Lennar,Phase 1,Sam Tillery Dr,2333 Sam Tillery Drive,3,1472,228900,226900,sold,SLD,5/22/2026 12:36 PM,7/30/2026,2026-08-03,
"Little Rock, AR",Deerfield,Lennar,,Sig Cove,20 Sig Cove,4,1652,226935,226935,sold,SLD,6/2/2025 3:25 PM,6/12/2025,2026-08-03,
"Little Rock, AR",Panther Cove,Lennar,,Gussy Lane,762 Gussy Lane,4,1633,227900,227900,sold,SBL,6/30/2026 5:07 PM,6/26/2026,2026-08-03,
"Little Rock, AR",Midland Estates,Lennar,Phase 1,Sam Tillery Dr,2236 Sam Tillery Drive,4,1470,229900,227900,sold,SLD,2/3/2026 11:57 AM,4/24/2026,2026-08-03,
"Little Rock, AR",The Grove At Centennial Valley,Lennar,,Bassett St,2328 Bassett Street,4,1652,227900,227900,under_contract,UCT,6/10/2026 12:17 PM,8/21/2026,2026-08-03,
"Little Rock, AR",The Grove At Centennial Valley,Lennar,,Bassett St,2345 Bassett Street,4,1652,228900,228900,under_contract,UCT,5/6/2026 2:22 PM,8/14/2026,2026-08-03,
"Little Rock, AR",Midland Estates,Lennar,Phase 1,Ted Craig Drive,3108 Ted Craig Drive,3,1523,228900,228900,sold,SLD,4/7/2026 2:55 PM,4/24/2026,2026-08-03,
"Little Rock, AR",Cypress Bend,Lennar,,Jonathan Drive,150 Jonathan Drive,3,1402,228900,228900,sold,SLD,4/7/2026 1:12 PM,7/17/2026,2026-08-03,
"Little Rock, AR",Cypress Bend,Lennar,,Sofia Drive,112 Sofia Drive,3,1402,241585,229000,sold,SLD,4/7/2026 1:07 PM,4/24/2026,2026-08-03,
"Little Rock, AR",Cottage Walk,Lennar,Phase 1,Raven Walk Dr,1096 Raven Walk Drive,3,1612,229220,229220,sold,SLD,4/7/2026 12:20 PM,5/22/2026,2026-08-03,
"Little Rock, AR",The Vineyard,Lennar,,Cabernet Way,10 Cabernet Way,4,1810,229900,229900,for_sale,ACT,6/24/2026 3:40 PM,,2026-08-03,
"Little Rock, AR",The Vineyard,Lennar,,E Concord Road,6 E Concord Road,4,1732,229900,229900,for_sale,ACT,6/24/2026 4:36 PM,,2026-08-03,
"Little Rock, AR",Magnolia Manor,Lennar,,Magnolia Springs Drive,906 Magnolia Springs Drive,3,1446,229900,229900,for_sale,ACT,7/6/2026 10:29 AM,,2026-08-03,
"Little Rock, AR",Rosemary Fields,Lennar,,Flat Wood Ave,213 Flat Wood Avenue,4,1732,229900,229900,for_sale,ACT,7/21/2026 4:31 PM,,2026-08-03,
"Little Rock, AR",Midland Estates,Lennar,Phase 1,Sam Tillery Dr,2317 Sam Tillery Drive,3,1472,229900,229900,under_contract,UCT,5/22/2026 12:39 PM,8/12/2026,2026-08-03,
"Little Rock, AR",Midland Estates,Lennar,Phase 1,Red Maple Lane,4101 Red Maple Lane,3,1523,235900,230000,sold,SLD,5/4/2026 10:25 AM,7/27/2026,2026-08-03,
"Little Rock, AR",Cypress Bend,Lennar,,Sofia Drive,117 Sofia Drive,4,1459,231900,230000,sold,SLD,4/7/2026 1:02 PM,4/17/2026,2026-08-03,
"Little Rock, AR",Midland Estates,Lennar,Phase 1,Sam Tillery Dr,2325 Sam Tillery Drive,3,1523,232900,230000,sold,SLD,5/22/2026 12:42 PM,7/30/2026,2026-08-03,
"Little Rock, AR",Cottage Walk,Lennar,Phase 1,Rambling Brook Drive,1625 Rambling Brook Drive,4,1699,230900,230900,under_contract,UCT,7/23/2026 10:03 AM,8/28/2026,2026-08-03,
"Little Rock, AR",Midland Estates,Lennar,Phase 1,Sam Tillery Dr,2380 Sam Tillery Drive,3,1472,230900,230900,sold,SLD,3/18/2026 9:52 AM,6/4/2026,2026-08-03,
"Little Rock, AR",Cypress Bend,Lennar,,Sofia Drive,103 Sofia Drive,3,1373,232155,230955,sold,SLD,7/6/2026 7:42 AM,7/9/2026,2026-08-03,
"Little Rock, AR",Cottage Walk,Lennar,Phase 1,Rambling Brook Drive,1604 Rambling Brook Drive,4,1699,231900,231900,sold,SBL,7/27/2026 2:10 PM,7/24/2026,2026-08-03,
"Little Rock, AR",Panther Cove,Lennar,,Gussy Lane,758 Gussy Lane,3,1633,231900,231900,sold,SLD,5/4/2026 10:37 AM,7/9/2026,2026-08-03,
"Little Rock, AR",Cypress Bend,Lennar,,Sofia Drive,105 Sofia Drive,4,1459,233255,232255,sold,SLD,3/5/2026 9:47 AM,5/28/2026,2026-08-03,
"Little Rock, AR",Midland Estates,Lennar,Phase 1,Sam Tillery Dr,2388 Sam Tillery Drive,4,1640,234900,232900,sold,SLD,3/18/2026 9:49 AM,5/29/2026,2026-08-03,
"Little Rock, AR",Midland Estates,Lennar,Phase 1,Sam Tillery Dr,2261 Sam Tillery Drive,4,1470,232900,232900,for_sale,ACT,7/23/2026 11:10 AM,,2026-08-03,
"Little Rock, AR",Midland Estates,Lennar,Phase 1,Sam Tillery Dr,2269 Sam Tillery Drive,3,1523,232900,232900,under_contract,UCT,6/18/2026 12:35 PM,8/28/2026,2026-08-03,
"Little Rock, AR",Cottage Walk,Lennar,Phase 1,Rambling Brook Drive,1609 Rambling Brook Drive,4,1699,232900,232900,under_contract,UCT,7/23/2026 10:08 AM,9/14/2026,2026-08-03,
"Little Rock, AR",Panther Cove,Lennar,,Gussy Lane,774 Gussy Lane,4,1852,233900,233900,sold,SBL,7/29/2026 4:37 PM,7/28/2026,2026-08-03,
"Little Rock, AR",Midland Estates,Lennar,Phase 1,Red Maple Lane,4100 Red Maple Lane,4,1640,234775,234775,sold,SLD,1/6/2026 1:58 PM,4/15/2026,2026-08-03,
"Little Rock, AR",Magnolia Manor,Lennar,,Manor Oaks Blvd,1205 Manor Oaks Boulevard,4,1470,234900,234900,for_sale,ACT,7/6/2026 10:22 AM,,2026-08-03,
"Little Rock, AR",Panther Cove,Lennar,,Gussy Lane,822 Gussy Lane,4,1951,238850,235000,sold,SLD,3/18/2026 11:36 AM,5/11/2026,2026-08-03,
"Little Rock, AR",Cypress Bend,Lennar,,Sofia Drive,108 Sofia Drive,4,1459,237505,235000,sold,SLD,1/6/2026 12:55 PM,3/25/2026,2026-08-03,
"Little Rock, AR",Midland Estates,Lennar,Phase 1,Sam Tillery Dr,2381 Sam Tillery Drive,3,1523,235475,235475,sold,SLD,4/2/2026 11:48 AM,6/24/2026,2026-08-03,
"Little Rock, AR",Midland Estates,Lennar,Phase 1,Sam Tillery Dr,2372 Sam Tillery Drive,3,1633,235900,235900,sold,SLD,7/6/2026 7:32 AM,7/2/2026,2026-08-03,
"Little Rock, AR",Midland Estates,Lennar,Phase 1,Sam Tillery Dr,2357 Sam Tillery Drive,4,1640,235900,235900,sold,SLD,4/2/2026 11:38 AM,6/9/2026,2026-08-03,
"Little Rock, AR",Cypress Bend,Lennar,,Sofia Drive,118 Sofia Drive,4,1459,239330,236330,sold,SLD,12/24/2025 12:51 PM,3/19/2026,2026-08-03,
"Little Rock, AR",Panther Cove,Lennar,,Gussy Lane,826 Gussy Lane,3,1770,233900,236400,sold,SLD,3/5/2026 12:17 PM,5/15/2026,2026-08-03,
"Little Rock, AR",Midland Estates,Lennar,Phase 1,Sam Tillery Dr,2237 Sam Tillery Drive,4,1640,236900,236900,for_sale,ACT,7/23/2026 11:26 AM,,2026-08-03,
"Little Rock, AR",The Grove At Centennial Valley,Lennar,,Bassett St,2353 Bassett Street,4,1852,236900,236900,sold,SLD,6/10/2026 12:46 PM,7/30/2026,2026-08-03,
"Little Rock, AR",The Grove At Centennial Valley,Lennar,,Cobblefield Cove,5008 Cobblefield Cove,4,1852,239380,237000,sold,SLD,12/30/2025 5:20 PM,3/25/2026,2026-08-03,
"Little Rock, AR",The Grove At Centennial Valley,Lennar,,Hollywood Ave,6689 Hollywood Avenue,4,1852,237900,237900,sold,SLD,4/8/2026 11:46 AM,6/29/2026,2026-08-03,
"Little Rock, AR",The Grove At Centennial Valley,Lennar,,Croft Ave,6081 Croft Avenue,4,1652,238590,238590,sold,SBL,4/23/2025 8:15 AM,4/17/2025,2026-08-03,
"Little Rock, AR",Panther Cove,Lennar,,Gussy Lane,782 Gussy Lane,4,1951,238900,238900,sold,SLD,4/2/2026 1:04 PM,6/10/2026,2026-08-03,
"Little Rock, AR",Magnolia Manor,Lennar,,Manor Oaks Blvd,1404 Manor Oaks Boulevard,3,1633,239400,239400,under_contract,UCT,7/23/2026 10:32 AM,10/22/2026,2026-08-03,
"Little Rock, AR",Magnolia Manor,Lennar,,Manor Oaks Blvd,1206 Manor Oaks Boulevard,3,1633,239400,239400,for_sale,ACT,7/6/2026 10:32 AM,,2026-08-03,
"Little Rock, AR",The Grove At Centennial Valley,Lennar,,Bassett St,2352 Bassett Street,4,1852,239600,239600,for_sale,ACT,7/23/2026 1:09 PM,,2026-08-03,
"Little Rock, AR",Cypress Bend,Lennar,,Sofia Drive,116 Sofia Drive,3,1567,239855,239705,sold,SLD,12/24/2025 12:44 PM,4/28/2026,2026-08-03,
"Little Rock, AR",Magnolia Manor,Lennar,,Manor Oaks Blvd,1207 Manor Oaks Boulevard,4,1559,239900,239900,for_sale,ACT,7/17/2026 11:57 AM,,2026-08-03,
"Little Rock, AR",Midland Estates,Lennar,Phase 1,Ted Craig Drive,3100 Ted Craig Drive,4,1640,241900,239900,sold,SLD,4/7/2026 2:44 PM,4/22/2026,2026-08-03,
"Little Rock, AR",Midland Estates,Lennar,Phase 1,Sam Tillery Dr,2348 Sam Tillery Drive,3,1633,240425,240425,sold,SLD,6/26/2026 3:00 PM,7/27/2026,2026-08-03,
"Little Rock, AR",Midland Estates,Lennar,Phase 1,Ted Craig Drive,3101 Ted Craig Drive,3,1523,240480,240480,sold,SBL,3/18/2026 5:44 PM,3/16/2026,2026-08-03,
"Little Rock, AR",Midland Estates,Lennar,Phase 1,Ted Craig Drive,3124 Ted Craig Drive,4,1640,243125,243125,under_contract,UCBL,4/7/2026 2:51 PM,4/23/2026,2026-08-03,
"Little Rock, AR",White Oak Crossing,Lennar,,Stacey Lane,8200 Stacey Lane,3,1567,243220,243220,withdrawn,WITH,7/2/2025 2:13 PM,,2026-08-03,
"Little Rock, AR",Magnolia Manor,Lennar,,Manor Court,1406 Manor Court,4,1652,243400,243400,under_contract,UCT,7/17/2026 11:29 AM,8/24/2026,2026-08-03,
"Little Rock, AR",White Oak Crossing,Lennar,,Stacey Lane,8205 Stacey Lane,3,1567,248405,244455,sold,SLD,6/23/2025 3:34 PM,7/23/2025,2026-08-03,
"Little Rock, AR",Cypress Bend,Lennar,,Jonathan Drive,138 Jonathan Drive,3,1567,244700,244700,for_sale,ACT,4/24/2026 2:00 PM,,2026-08-03,
"Little Rock, AR",Magnolia Manor,Lennar,,Gum Spring Road,1403 Gum Spring Road,4,1652,244900,244900,under_contract,UCT,7/6/2026 10:37 AM,8/21/2026,2026-08-03,
"Little Rock, AR",Panther Cove,Lennar,,Gussy Lane,798 Gussy Lane,4,1852,245900,245900,sold,SLD,4/7/2026 3:25 PM,5/29/2026,2026-08-03,
"Little Rock, AR",Cypress Bend,Lennar,,Sofia Drive,115 Sofia Drive,3,1567,248450,246000,sold,SLD,3/5/2026 9:39 AM,7/27/2026,2026-08-03,
"Little Rock, AR",The Grove At Centennial Valley,Lennar,,Croft Ave,6088 Croft Avenue,4,1852,247970,247970,sold,SLD,3/28/2025 12:14 PM,3/28/2025,2026-08-03,
"Little Rock, AR",Cypress Bend,Lennar,,Lucy Lane,109 Lucy Lane,3,1567,248140,248140,under_contract,UCT,7/6/2026 8:41 AM,9/25/2026,2026-08-03,
"Little Rock, AR",White Oak Crossing,Lennar,,Kennedy Lane,8201 Kennedy Lane,4,1903,253555,253555,sold,SLD,1/12/2026 9:54 AM,1/28/2026,2026-08-03,
"Little Rock, AR",Cypress Bend,Lennar,,Sofia Drive,104 Sofia Drive,4,1903,256235,256235,sold,SLD,1/6/2026 12:51 PM,6/11/2026,2026-08-03,
"Little Rock, AR",White Oak Crossing,Lennar,,Stacey Lane,8304 Stacey Lane,4,2065,259605,259605,sold,SLD,6/16/2025 3:22 PM,9/25/2025,2026-08-03,
"Little Rock, AR",White Oak Crossing,Lennar,,Fitzgerald Lane,8301 Fitzgerald Lane,4,1903,250635,261000,sold,SLD,3/19/2025 1:00 PM,6/5/2025,2026-08-03,
"Little Rock, AR",Cypress Bend,Lennar,,Lucy Lane,116 Lucy Lane,4,2065,269900,269900,under_contract,UCT,6/10/2026 10:20 AM,8/28/2026,2026-08-03,
"Little Rock, AR",Cypress Bend,Lennar,,Sofia Drive,111 Sofia Drive,4,2065,271900,271900,sold,SLD,3/5/2026 9:30 AM,5/4/2026,2026-08-03,
"Little Rock, AR",White Oak Crossing,Lennar,,Fitzgerald Lane,8300 Fitzgerald Lane,4,2065,271525,274820,sold,SLD,2/28/2025 2:11 PM,6/24/2025,2026-08-03,
"Little Rock, AR",Cypress Bend,Lennar,,Sofia Drive,114 Sofia Drive,4,2065,278450,278450,sold,SLD,12/24/2025 1:00 PM,5/29/2026,2026-08-03,
"Little Rock, AR",Cypress Bend,Lennar,,Sofia Drive,109 Sofia Drive,4,2344,279000,279000,under_contract,UCT,4/7/2026 1:21 PM,8/26/2026,2026-08-03,
"Little Rock, AR",Cypress Bend,Lennar,,Jonathan Drive,148 Jonathan Drive,4,2344,282900,280000,sold,SLD,4/7/2026 12:55 PM,7/22/2026,2026-08-03,
"Little Rock, AR",Cypress Bend,Lennar,,Sofia Drive,100 Sofia Drive,4,2333,286675,284120,sold,SLD,4/7/2026 1:47 PM,7/2/2026,2026-08-03,
"Little Rock, AR",Cypress Bend,Lennar,,IM Drive,8008 Kim Drive,4,2345,284545,284545,sold,SLD,2/21/2025 5:14 PM,8/14/2025,2026-08-03,
"Little Rock, AR",Cypress Bend,Lennar,,Sofia Drive,101 Sofia Drive,4,2344,285900,285900,under_contract,UCBL,4/7/2026 1:25 PM,5/27/2026,2026-08-03,
"Little Rock, AR",Cypress Bend,Lennar,,Jonathan Drive,152 Jonathan Drive,4,2344,285900,285900,under_contract,UCT,4/7/2026 1:17 PM,8/27/2026,2026-08-03,
"Little Rock, AR",Cypress Bend,Lennar,,IM Drive,8012 Kim Drive,4,2345,282900,286010,sold,SLD,2/10/2025 10:45 AM,5/27/2025,2026-08-03,
