metro_area,community_name,city,builder,phase,street_name
"Oklahoma City, OK",Rush Creek,Edmond,D.R. Horton,,Hickory Way
"Oklahoma City, OK",Rush Creek,Edmond,D.R. Horton,,Rushing Ln
"Oklahoma City, OK",Woodland Park,Edmond,D.R. Horton,,
"Oklahoma City, OK",Prairie Pointe Estates,Guthrie,D.R. Horton,,Prairie Vista
"Oklahoma City, OK",Montage,Mustang,D.R. Horton,,Sw 40th Street
"Oklahoma City, OK",Wild Horse Canyon Section 3,Mustang,D.R. Horton,,E Ruger Ln
"Oklahoma City, OK",Wild Horse Canyon Section 3,Mustang,D.R. Horton,,E Stallion Ln
"Oklahoma City, OK",Wild Horse Canyon Section 3,Mustang,D.R. Horton,,E Stetson Ln
"Oklahoma City, OK",Wild Horse Canyon Section 3,Mustang,D.R. Horton,,S Bear Ln
"Oklahoma City, OK",Wyndemere,Newcastle,D.R. Horton,,Indiana Court
"Oklahoma City, OK",Wyndemere,Newcastle,D.R. Horton,,Park Place Drive
"Oklahoma City, OK",Wyndemere,Newcastle,D.R. Horton,,St Charles Place
"Oklahoma City, OK",Wyndemere,Newcastle,D.R. Horton,,States Ave
"Oklahoma City, OK",Woods In Noble,Noble,D.R. Horton,,Maleah Ave
"Oklahoma City, OK",Windstone,Norman,D.R. Horton,,Dusty Trail
"Oklahoma City, OK",Windstone,Norman,D.R. Horton,,Windstone Dr
"Oklahoma City, OK",Windstone,Norman,D.R. Horton,,Windstone Ln
"Oklahoma City, OK",Buffalo Farms,Oklahoma City,D.R. Horton,,Sw 31st Ter
"Oklahoma City, OK",Castlebrook Crossing,Yukon,D.R. Horton,,Kathleens Crossing
"Oklahoma City, OK",Castlebrook Crossing,Yukon,D.R. Horton,,Kathleens Crossing   Wo
"Oklahoma City, OK",Castlebrook Crossing,Yukon,D.R. Horton,,Tracys Manor
"Oklahoma City, OK",Castlebrook Crossing,Yukon,D.R. Horton,,Tracys Manor   Window
"Oklahoma City, OK",Fireside Creek,Oklahoma City,D.R. Horton,,Campfire Drive
"Oklahoma City, OK",Fireside Creek,Oklahoma City,D.R. Horton,,Ember Drive
"Oklahoma City, OK",The Enclave,Oklahoma City,D.R. Horton,,Ne 104th St
"Oklahoma City, OK",The Enclave,Oklahoma City,D.R. Horton,,Ne 105th St
"Oklahoma City, OK",The Enclave,Oklahoma City,D.R. Horton,,Ne 107th Street
"Oklahoma City, OK",The Enclave,Oklahoma City,D.R. Horton,,Tall Prairie Terr
"Oklahoma City, OK",The Enclave At Blackwood Farms,Oklahoma City,D.R. Horton,,Blackwood Blvd
"Oklahoma City, OK",The Enclave At Blackwood Farms,Oklahoma City,D.R. Horton,,Blackwood Court
"Oklahoma City, OK",The Enclave At Blackwood Farms,Oklahoma City,D.R. Horton,,Green Meadows Ln
"Oklahoma City, OK",The Enclave At Blackwood Farms,Oklahoma City,D.R. Horton,,Nw 60th St
"Oklahoma City, OK",Autumn Chase At Town Central,Piedmont,D.R. Horton,,Burlywood Lane
"Oklahoma City, OK",Autumn Chase At Town Central,Piedmont,D.R. Horton,,Mahogany Ln
"Oklahoma City, OK",Autumn Chase At Town Central,Piedmont,D.R. Horton,,Red Oak Ln
"Oklahoma City, OK",Rose Rock,Piedmont,D.R. Horton,,Cherokee Trail
"Oklahoma City, OK",The Brook,Piedmont,D.R. Horton,,Little Falls Lane
"Oklahoma City, OK",The Brook,Piedmont,D.R. Horton,,Nw 142nd Street
"Oklahoma City, OK",The Brook,Piedmont,D.R. Horton,,Trickling Way
"Oklahoma City, OK",Horn Valley North,Yukon,D.R. Horton,,Casey Drive
"Oklahoma City, OK",Horn Valley North,Yukon,D.R. Horton,,Nw 27th Street
"Oklahoma City, OK",Horn Valley North,Yukon,D.R. Horton,,Nw 28th Terrace
"Oklahoma City, OK",Montereau,Yukon,D.R. Horton,,Nw 149th Street
"Oklahoma City, OK",Antler Creek2,Edmond,Lennar,,
"Oklahoma City, OK",Covell Ranch,Edmond,Lennar,,Norfolk Pine Drive
"Oklahoma City, OK",Covell Ranch,Edmond,Lennar,,Norway Spruce Street
"Oklahoma City, OK",Covell Ranch,Edmond,Lennar,,Sugar Pine Way
"Oklahoma City, OK",Guthrie Farms,Guthrie,Lennar,,Colt Dr
"Oklahoma City, OK",Guthrie Farms,Guthrie,Lennar,,Saddle Dr
"Oklahoma City, OK",Riverstone,Moore,Lennar,,
"Oklahoma City, OK",Creekside Village,Mustang,Lennar,,Maggie Road
"Oklahoma City, OK",Creekside Village,Mustang,Lennar,,S.W. 36th Street
"Oklahoma City, OK",Creekside Village,Mustang,Lennar,,SW 36th Street
"Oklahoma City, OK",Enclave At Creekside Village,Mustang,Lennar,,
"Oklahoma City, OK",Morgan Glen,Mustang,Lennar,,Dutch Lane
"Oklahoma City, OK",Morgan Glen,Mustang,Lennar,,SW 37th Street
"Oklahoma City, OK",Morgan Glen,Mustang,Lennar,,SW 40th Street
"Oklahoma City, OK",Newcastle Farms,Newcastle,Lennar,,Red Barn Road
"Oklahoma City, OK",Newcastle Farms,Newcastle,Lennar,,SW 9th Street
"Oklahoma City, OK",Valley Pointe,Noble,Lennar,,Caldwell Drive
"Oklahoma City, OK",Valley Pointe,Noble,Lennar,,South Haven Drive
"Oklahoma City, OK",The Villages,Norman,Lennar,,
"Oklahoma City, OK",Bellflower,Oklahoma City,Lennar,,
"Oklahoma City, OK",Hefner Crossing,Oklahoma City,Lennar,,
"Oklahoma City, OK",Greenhill,Piedmont,Lennar,,Harvester Drive
"Oklahoma City, OK",Greenhill,Piedmont,Lennar,,Lovers Lane
"Oklahoma City, OK",Greenhill,Piedmont,Lennar,,NW 163rd Street
"Oklahoma City, OK",Hollow Brook,Tuttle,Lennar,,Daxton Drive
"Oklahoma City, OK",Hollow Brook,Tuttle,Lennar,,Nicole Drive
"Oklahoma City, OK",Hollow Brook,Tuttle,Lennar,,Silas Dr
"Oklahoma City, OK",Huntington Ridge,Yukon,Lennar,,NW 123rd Street
"Oklahoma City, OK",Huntington Ridge,Yukon,Lennar,,Spruce Knob Lane
"Oklahoma City, OK",Redstone Ranch,Yukon,Lennar,,Appaloosa Lane
"Oklahoma City, OK",Redstone Ranch,Yukon,Lennar,,Blackjack Road
"Oklahoma City, OK",The Reserve At Mustang Creek,Yukon,Lennar,,Cedar Creek Ave
"Oklahoma City, OK",Tuscany Lakes,Yukon,Lennar,,Florence Lane
"Oklahoma City, OK",Tuscany Lakes,Yukon,Lennar,,Torretta Way
"Oklahoma City, OK",Willow Trails,Yukon,Lennar,,SW 25th Street
