listingAddress/full,listingAddress/street,listingStatus,homeStatus,bedrooms,livingArea,price,listingPrice/amount,daysOnZillow,propertyUrl,hdpUrl,lastSoldPrice
"4340 Sloan Dr, Alexander, AR 72002",4340 Sloan Dr,forRent,,4,1850,,2140,41,https://www.zillow.com/homedetails/4340-Sloan-Dr-Alexander-AR-72002/442183331_zpid/,,267480
"2277 Sam Tillery Dr, Alexander, AR 72002",2277 Sam Tillery Dr,forRent,,4,1439,,1795,8,https://www.zillow.com/homedetails/2277-Sam-Tillery-Dr-Alexander-AR-72002/462316857_zpid/,,222900
"2400 SW Ednruance Way #2, Maumelle, AR 72113",2400 SW Ednruance Way #2,forRent,,3,1200,,2125,75,https://www.zillow.com/homedetails/2400-SW-Ednruance-Way-2-Maumelle-AR-72113/463401793_zpid/,,
"170 Bighorn Trl, Maumelle, AR 72113",170 Bighorn Trl,forRent,,3,1382,,1850,14,https://www.zillow.com/homedetails/170-Bighorn-Trl-Maumelle-AR-72113/461017693_zpid/,,
"8616 Eastwood Creek Dr, North Little Rock, AR 72113",8616 Eastwood Creek Dr,forRent,,3,1722,,1950,16,https://www.zillow.com/homedetails/8616-Eastwood-Creek-Dr-North-Little-Rock-AR-72113/2059022685_zpid/,,246600
"144 Jonathan Dr, Maumelle, AR 72113",144 Jonathan Dr,forRent,,3,1402,,1800,34,https://www.zillow.com/homedetails/144-Jonathan-Dr-Maumelle-AR-72113/462538135_zpid/,,225150
"3802 Pinecrest Ln, Maumelle, AR 72113",3802 Pinecrest Ln,forRent,,4,2435,,2700,2,https://www.zillow.com/homedetails/3802-Pinecrest-Ln-Maumelle-AR-72113/465038347_zpid/,,
"6006 Hoover St, Maumelle, AR 72113",6006 Hoover St,forRent,,2,1450,,1595,8,https://www.zillow.com/homedetails/6006-Hoover-St-Maumelle-AR-72113/2062966797_zpid/,,
"10505 Cypress Knee Dr, North Little Rock, AR 72113",10505 Cypress Knee Dr,forRent,,3,1678,,1850,11,https://www.zillow.com/homedetails/10505-Cypress-Knee-Dr-North-Little-Rock-AR-72113/2061799089_zpid/,,233425
"55 Maddison Rachael, Cabot, AR 72023",55 Maddison Rachael,forRent,,4,1459,,1475,36,https://www.zillow.com/homedetails/55-Maddison-Rachael-Cabot-AR-72023/461972684_zpid/,,212900
"35 Foster Louis Ln, Cabot, AR 72023",35 Foster Louis Ln,forRent,,3,1234,,1455,8,https://www.zillow.com/homedetails/35-Foster-Louis-Ln-Cabot-AR-72023/349183675_zpid/,,
"60 Leruss Blvd, Cabot, AR 72023",60 Leruss Blvd,forRent,,3,1422,,1425,32,https://www.zillow.com/homedetails/60-Leruss-Blvd-Cabot-AR-72023/342062290_zpid/,,203000
"50 Swayze Rhys Ln, Cabot, AR 72023",50 Swayze Rhys Ln,forRent,,4,1652,,1700,22,https://www.zillow.com/homedetails/50-Swayze-Rhys-Ln-Cabot-AR-72023/350308169_zpid/,,217825
"70 Nona Ruth Ln, Cabot, AR 72023",70 Nona Ruth Ln,forRent,,3,1612,,1575,5,https://www.zillow.com/homedetails/70-Nona-Ruth-Ln-Cabot-AR-72023/461972683_zpid/,,214900
"65 Swayze Rhys Ln, Cabot, AR 72023",65 Swayze Rhys Ln,forRent,,3,1633,,1700,23,https://www.zillow.com/homedetails/65-Swayze-Rhys-Ln-Cabot-AR-72023/2052994194_zpid/,,213925
"70 Kinley Brook Ln, Cabot, AR 72023",70 Kinley Brook Ln,forRent,,3,1012,,1595,25,https://www.zillow.com/homedetails/70-Kinley-Brook-Ln-Cabot-AR-72023/2055560788_zpid/,,175775
"314 Ray St, Cabot, AR 72023",314 Ray St,forRent,,3,1449,,1300,55,https://www.zillow.com/homedetails/314-Ray-St-Cabot-AR-72023/257086_zpid/,,700000
"53 Bent Tree Dr, Cabot, AR 72023",53 Bent Tree Dr,forRent,,3,1645,,1495,47,https://www.zillow.com/homedetails/53-Bent-Tree-Dr-Cabot-AR-72023/256157_zpid/,,10000
"59 Hickory Bend Dr, Cabot, AR 72023",59 Hickory Bend Dr,forRent,,3,2129,,2000,25,https://www.zillow.com/homedetails/59-Hickory-Bend-Dr-Cabot-AR-72023/67445626_zpid/,,207000
"32 Thunderbird Dr, Cabot, AR 72023",32 Thunderbird Dr,forRent,,3,1444,,1475,4,https://www.zillow.com/homedetails/32-Thunderbird-Dr-Cabot-AR-72023/67447424_zpid/,,
"1045 E Main St, Austin, AR 72007",1045 E Main St,forRent,,3,1266,,1375,2,https://www.zillow.com/homedetails/1045-E-Main-St-Austin-AR-72007/99406768_zpid/,,70000
"22 Oakland Cir, Austin, AR 72007",22 Oakland Cir,forRent,,3,1328,,1575,13,https://www.zillow.com/homedetails/22-Oakland-Cir-Austin-AR-72007/251409763_zpid/,,176000
"509 E Elm St, Cabot, AR 72023",509 E Elm St,forRent,,3,1056,,1450,60,https://www.zillow.com/homedetails/509-E-Elm-St-Cabot-AR-72023/257181_zpid/,,185000
"15 Silverado Ct, Cabot, AR 72023",15 Silverado Ct,forRent,,3,1382,,1350,18,https://www.zillow.com/homedetails/15-Silverado-Ct-Cabot-AR-72023/35732243_zpid/,,150000
"15 Applewood Cv, Cabot, AR 72023",15 Applewood Cv,forRent,,3,1588,,1600,52,https://www.zillow.com/homedetails/15-Applewood-Cv-Cabot-AR-72023/35732370_zpid/,,226000
"17 Azalea Dr, Cabot, AR 72023",17 Azalea Dr,forRent,,3,1294,,1345,75,https://www.zillow.com/homedetails/17-Azalea-Dr-Cabot-AR-72023/52495110_zpid/,,174500
"21 Meadowlark Dr, Cabot, AR 72023",21 Meadowlark Dr,forRent,,3,1013,,1395,26,https://www.zillow.com/homedetails/21-Meadowlark-Dr-Cabot-AR-72023/255213_zpid/,,147900
"1609 Moon Rd, Ward, AR 72176",1609 Moon Rd,forRent,,3,1026,,1095,7,https://www.zillow.com/homedetails/1609-Moon-Rd-Ward-AR-72176/99444948_zpid/,,125000
"16 Mustang Dr, Cabot, AR 72023",16 Mustang Dr,forRent,,3,1494,,1450,31,https://www.zillow.com/homedetails/16-Mustang-Dr-Cabot-AR-72023/63160974_zpid/,,2988
"72 Branchwood Ln, Austin, AR 72007",72 Branchwood Ln,forRent,,3,1216,,1200,11,https://www.zillow.com/homedetails/72-Branchwood-Ln-Austin-AR-72007/252707_zpid/,,1710000
"101 Cedar Creek Loop, Cabot, AR 72023",101 Cedar Creek Loop,forRent,,3,1422,,1295,46,https://www.zillow.com/homedetails/101-Cedar-Creek-Loop-Cabot-AR-72023/88905306_zpid/,,
"120 Suda St, Cabot, AR 72023",120 Suda St,forRent,,3,1008,,995,142,https://www.zillow.com/homedetails/120-Suda-St-Cabot-AR-72023/213595966_zpid/,,120000
"400 Apricot St, Austin, AR 72007",400 Apricot St,forRent,,3,1200,,1475,14,https://www.zillow.com/homedetails/400-Apricot-St-Austin-AR-72007/82250818_zpid/,,280000
"32 Fortson Dr, Cabot, AR 72023",32 Fortson Dr,forRent,,3,1064,,875,16,https://www.zillow.com/homedetails/32-Fortson-Dr-Cabot-AR-72023/63161011_zpid/,,750000
"17 Farrah St, Ward, AR 72176",17 Farrah St,forRent,,3,1563,,1250,90,https://www.zillow.com/homedetails/17-Farrah-St-Ward-AR-72176/52495486_zpid/,,
"73 Timberwood Dr, Cabot, AR 72023",73 Timberwood Dr,forRent,,3,1230,,1450,20,https://www.zillow.com/homedetails/73-Timberwood-Dr-Cabot-AR-72023/52495438_zpid/,,161000
"26 Mustang Dr, Cabot, AR 72023",26 Mustang Dr,forRent,,3,1537,,1550,59,https://www.zillow.com/homedetails/26-Mustang-Dr-Cabot-AR-72023/63160976_zpid/,,310000
"11 W Plaza Blvd, Cabot, AR 72023",11 W Plaza Blvd,forRent,,3,1487,,1525,14,https://www.zillow.com/homedetails/11-W-Plaza-Blvd-Cabot-AR-72023/256262_zpid/,,229049
"54 Magnolia Dr, Cabot, AR 72023",54 Magnolia Dr,forRent,,3,1394,,1400,52,https://www.zillow.com/homedetails/54-Magnolia-Dr-Cabot-AR-72023/60314948_zpid/,,117000
"203 Lynn Ln, Lonoke, AR 72086",203 Lynn Ln,forRent,,3,1200,,1195,84,https://www.zillow.com/homedetails/203-Lynn-Ln-Lonoke-AR-72086/260453_zpid/,,105000
"87 Sycamore Cir, Cabot, AR 72023",87 Sycamore Cir,forRent,,3,1252,,1395,24,https://www.zillow.com/homedetails/87-Sycamore-Cir-Cabot-AR-72023/256430_zpid/,,151500
