filename,source_type,label,added_date
apify-2026-07-31-full.csv,apify,Zillow scraper export (Saline County area),2026-07-31
mls-2026-07-31.csv,mls,"MLS rental/lease export (Crystal Bliss / Danny Brightwell listings, statewide)",2026-07-31
apify-2026-08-01.csv,apify,Zillow scraper export (new batch),2026-08-01
sales-2026-08-01.csv,sales,For-sale MLS/builder inventory export (statewide),2026-08-01
sales-2026-08-04.csv,sales,"For-sale MLS/builder inventory export, batch 2",2026-08-04
apify-drive-14WbGU9d.csv,apify,"Drive/Apify Uploads - Zillow Maumelle (search results, created 2026-08-03T17:16Z)",2026-08-03
apify-drive-1lmCzE3h.csv,apify,"Drive/Apify Uploads - Zillow Maumelle (search results, created 2026-08-03T17:17Z)",2026-08-03
apify-drive-1xi6E5R0.csv,apify,"Drive/Apify Uploads - Zillow Maumelle (detail pages, created 2026-08-03T21:10Z)",2026-08-03
apify-drive-1pzhwomFp.csv,apify,"Drive/Apify Uploads - Zillow Maumelle (detail pages, created 2026-08-03T21:10Z)",2026-08-03
mls-2026-08-03.csv,mls,"MLS rental/lease export, batch 3 (statewide)",2026-08-03
manual-entries.csv,manual,"Listings pasted directly in chat (no original export file); 8 rows appended 2026-09-23 recovered from the live dashboard artifact's embedded RENTALS data (7 addresses + 1 status fix that existed on the published Little Rock dashboard as of 2026-09-19 but were never in any registered source file - a prior session imported them and published but apparently never committed/pushed, so the only surviving record was the live page itself)",2026-08-04
apify-drive-3.csv,apify,"Zillow Maumelle export, batch 3 (uploaded directly)",2026-08-03
apify-drive-5.csv,apify,"Zillow Maumelle export, batch 5 (uploaded directly)",2026-08-04
apify-run-2026-08-04.csv,apify,Apify actor runs 34n6rBUHifdpFK36L + HH4Zc6uuQyH1ir21Z (2026-08-04T18:10Z),2026-08-04
apify-drive-1ut9e7DXeI.csv,apify,"Drive/Apify Uploads - Zillow Maumelle, created 2026-08-05T12:38Z",2026-08-05
apify-drive-1TRU1llWzN.csv,apify,"Drive/Apify Uploads - Zillow Maumelle, created 2026-08-05T12:38Z",2026-08-05
apify-drive-1OKRD4694c.csv,apify,"Drive/Apify Uploads - Zillow Maumelle, created 2026-08-04T18:12Z",2026-08-05
apify-drive-10IhpySyYJ.csv,apify,"Drive/Apify Uploads - Zillow Maumelle, created 2026-08-04T18:12Z",2026-08-05
apify-drive-1gwbzGQpIi.csv,apify,"Drive/Apify Uploads - Zillow Maumelle, created 2026-08-03T22:53Z",2026-08-05
apify-drive-1cp0HKj4Uk.csv,apify,"Drive/Apify Uploads - Zillow Maumelle, created 2026-08-03T22:53Z",2026-08-05
sales-2026-08-06.csv,sales,"Paragon Hotsheet (recent activity, ~6 days) uploaded 2026-08-06",2026-08-06
apify-upload-11.csv,apify,"Zillow Maumelle export, batch 11 (uploaded directly)",2026-08-07
apify-upload-10.csv,apify,"Zillow Maumelle export, batch 10 (uploaded directly)",2026-08-07
apify-run-2026-08-10.csv,apify,Apify actor runs kYY7crETbTdH2x2xb + yMkXPEHWslG36W4D8 (2026-08-10T12:36Z),2026-08-10
apify-run-2026-08-12.csv,apify,Apify actor runs spJKeI3u2tPW8l6HO + ABpxE6MmTpGHAXE6J (2026-08-12T12:36Z),2026-08-12
apify-run-2026-08-14.csv,apify,Apify actor runs ZvWmG5Vn7vMbjGwOC + znKyD8uAsWyF17a1T (2026-08-14T12:36Z),2026-08-14
apify-run-2026-08-17.csv,apify,Apify actor runs K6C8OVNZwGBdfMm4Z + Fz5Jf0uzxVhRij1XN (2026-08-17T12:36Z),2026-09-05
apify-run-2026-08-19.csv,apify,Apify actor runs 5LJgIOKx3VJs3LBaZ + BGx3odRY0GPigmjwL (2026-08-19T12:36Z),2026-09-05
apify-run-2026-08-21.csv,apify,Apify actor runs k4yEEUyH0V6slajwZ + JpcTC7uRy8t47gXUz (2026-08-21T12:36Z),2026-09-05
apify-run-2026-08-24.csv,apify,Apify actor runs FpZb0b1lrzWwxsTzw + byoeDOXVXvOK3JXE4 (2026-08-24T12:36Z),2026-09-05
apify-run-2026-08-26.csv,apify,Apify actor runs J8rPbU1zzScaC3Wqn + LnEbW2kSvEWXf9U9S (2026-08-26T12:36Z),2026-09-05
apify-run-2026-08-28.csv,apify,Apify actor runs Ugd1u8ryGZtP8J6cg + xjFV0rw67h0ZN7qPZ (2026-08-28T12:36Z),2026-09-05
apify-run-2026-08-31.csv,apify,Apify actor runs 0nj9v9Lqw3dqm1PJY + 2fofcxiikXl5nCntc (2026-08-31T12:36Z),2026-09-05
apify-run-2026-09-02.csv,apify,Apify actor runs Zti7EqB5aqPlXYLjX + nK93kx53jZ5QHtAnY (2026-09-02T12:36Z),2026-09-05
apify-run-2026-09-04.csv,apify,Apify actor runs PdYM5KrXFHPtHGpLp + Ecve0dUDBak4a0Cuh (2026-09-04T12:36Z),2026-09-05
apify-run-2026-09-08-batch.csv,apify,"Apify actor runs 2026-09-04T12:54Z - 2026-09-08T13:02Z (63-run backlog; lKHQnbghAtnAdO6qq..inNBEzXoKi37bw4DF; 4 unavailable: q5SBhZsETNgFMagnS, EnprtBT8mJq9LNB94, 3Pf29bySNd8oM0cYR, dG1p9q5WH7uHAcow3)",2026-09-08
apify-run-2026-09-09-batch.csv,apify,"Apify actor runs 2026-09-09 (16-run day: I99a8eUXW9mGVt8qw..QXtqePpvTqJgrxzSo, 11:30Z-13:16Z)",2026-09-10
apify-run-2026-09-05-to-08-leftover.csv,apify,"Apify actor runs hrktuNgp6UGCM4Avk + OkMe6Zdec2i78XLC7 + BHxbYNAGuTVBQEdzW + bAR3YMLg43YwphYJQ (2026-09-05 to 2026-09-08, 4 runs missed by the 63-run backlog pass due to a dataset-id mixup)",2026-09-10
apify-run-2026-09-11.csv,apify,"Apify actor runs 2026-09-11 (2-run day: 5PO2VS0eoFcpWWPEi + C3Nms4Gfg0Dj3g7Qw, 12:36Z)",2026-09-18
apify-run-2026-09-14.csv,apify,"Apify actor runs 2026-09-14 (2-run day: f8flf2AnCcwwvh38E + hNkgiJrT0vL9RVne5, 12:36Z)",2026-09-18
apify-run-2026-09-16.csv,apify,"Apify actor runs 2026-09-16 (2-run day: aHxI7JppaxjSOfffP + pJAQoT9IdcOlCRK5R, 12:36Z)",2026-09-18
apify-run-2026-09-17-batch.csv,apify,"Apify actor runs 2026-09-17 (17-run day, 18:12Z-18:42Z: hASqruoTLSI5SmlEk, eSnp2x5vgb8XSf4dg, TXoTtIGgkrSUp8dlY, hJXktDnS1jhRsKpXA, RgFYgdxd0z8v2tXJD, PgEiSiC3A4N5z8WCV, 9adjbcWi71VqRh9A3, KlvP28LpJxAb06kzh, bmXJSeqIOmWp0S70a, gf61OMHNgZfzA6PsJ, Ridbdmg9NAdA86C1Z, HNJac0nLlRaJfX6Tz, zNAOevXb7gIRI5m0x, wFCKKDAfQlccguIHD, llqJi7jj8n8Sdl0l1, A5cPwH12yomJxFIn4, S6NButs74dJsH5CFO)",2026-09-18
apify-run-2026-09-18-batch.csv,apify,"Apify actor runs 2026-09-18 (16-run day, 11:23Z-12:36Z: HGfsDY2kEP2c9CwHf, 8WZj14ComIAc9MpMR, dCG0vmA7xYfEdgzjy, 5gBNQZXgqtCtSFXrf, KepuwNnDggNcQLJY4, ckLpqxGO71RzqAYBR, DMxFlDE3wd09d005a, OUlAZA7ZmJgca24bS, fS1zeGkePa4LhgLcM, aelNbglbM1lz1rePw, iQSaGTAF5aRbfyNGt, 9UO1aiNNlkgth5kvT, IlpZSOfdaKh7yjN9m, a4Ewtxg5U5IhtPcMa, 8saI3P4eIfKrGbmUp, 4UrIcPGJH2VEUegkl)",2026-09-18
apify-run-2026-09-23-batch.csv,apify,"Apify actor runs bKENuA6x2TFWUQ6uh + 58xr2uy3qL5hWqBAO (2026-09-23T12:36Z, 582 items combined, mixed AR/NC)",2026-09-23
apify-run-2026-09-24-drive-batch.csv,apify,"Google Drive ""Apify Uploads"" folder: 55 of ~71 CSVs uploaded 2026-09-23T13:53Z-2026-09-24T12:59Z (after the 2026-09-23T12:36Z cutoff already covered by apify-run-2026-09-23-batch.csv; the 2 files matching that already-registered run pair bKENuA6x2TFWUQ6uh/58xr2uy3qL5hWqBAO, at 12:37:34Z and 12:37:55Z, were excluded as duplicates; individual Drive file IDs not listed here due to volume), filtered to this metro by listingAddress/state (+city for AL/OK), deduped by normalized address; 575 distinct addresses. No Apify-run-listing tool was available this session (ReadMcpResourceTool not present), so Google Drive was the only channel used for this refresh.",2026-09-24
