"MLS #","Subdivision","Price","Approx SQFT","Full Baths","Beds","Closed Date","Days On Market","Address","City","Status","List Agent - Agent Name and Phone","List Office - Office Name"
"10359042","Metes & Bounds","$550","1584","2","3","2/14/2020","1761","355 Stone creek Road","Hardy","Rented","Crystal Bliss","Ozark Gateway Realty OGW LLC"
"19023124","Choctaw Fourth","$565","1008","2","3","8/2/2019","17","46 Opalochee","Cherokee Village","Rented","Crystal Bliss","Ozark Gateway Realty OGW LLC"
"18038813","Northside","$600","1344","1","3","4/25/2020","11","64 N Circle Drive","Ash Flat","Rented","Crystal Bliss","Ozark Gateway Realty OGW LLC"
"10405091","Townhouse 3rd","$650","1708","2","3","8/1/2020","4453","17 Setting Sun","Cherokee Village","Rented","Crystal Bliss","Ozark Gateway Realty OGW LLC"
"16015123","Ojibway Second","$650","1396","2","3","10/3/2019","527","10 War Eagle Drive","Cherokee Village","Rented","Crystal Bliss","Ozark Gateway Realty OGW LLC"
"10320344","South Lake","$675","1054","1","3","3/3/2021","2339","225 E Lakeshore Dr.","Cherokee Village","Rented","Crystal Bliss","Ozark Gateway Realty OGW LLC"
"20033650","West Lake","$700","1804","2","3",,"3","4 Warpath Drive","Cherokee Village","Withdrawn","Laura J Sackett - Agent: 870-847-1651","Ozark Gateway Realty OGW LLC"
"19015601","Metes & Bounds","$700","1200","2","3","5/17/2019","4","10 Dina","Cabot","Leased","Danny N Brightwell","RE/MAX Encore"
"20033649","West Lake","$700","1804","2","3","6/30/2021","7","4 Warpath Drive","Cherokee Village","Rented","Laura J Sackett - Agent: 870-847-1651","Ozark Gateway Realty OGW LLC"
"18009584","Cabot City Area","$725","1065","1","3","5/22/2018","53","601 N 4th","Cabot","Leased","Danny N Brightwell","RE/MAX Encore"
"19032314","West Lake","$750","1352","2","3","6/8/2022","62","2 Warpath Drive","Cherokee Village","Rented","Crystal Bliss","Ozark Gateway Realty OGW LLC"
"25000349","Northside","$775","960","1","3","3/3/2026","55","66 S Circle","Ash Flat","Rented","Crystal Bliss","Ozark Gateway Realty OGW LLC"
"18030826","East Lake","$800","1296","2","3","6/5/2020","107","131 E Lakeshore Drive","Cherokee Village","Rented","Crystal Bliss","Ozark Gateway Realty OGW LLC"
"20027890","Dakota Third","$800","1352","2","4","10/1/2020","24","6 Ada Drive","Cherokee Village","Rented","Crystal Bliss","Ozark Gateway Realty OGW LLC"
"18010166","Navasota","$800","1521","2","3","9/2/2019","6","147 pottawattamie Drive","Cherokee Village","Rented","Crystal Bliss","Ozark Gateway Realty OGW LLC"
"23039790","Dakota Second","$850","910","1","3","3/28/2025","65","10 Cheyenne","Cherokee Village","Rented","Crystal Bliss","Ozark Gateway Realty OGW LLC"
"16018392","Choctaw Third","$850","1072","1","3","11/6/2025","480","15 Micanoty Trace","Cherokee Village","Rented","Crystal Bliss","Ozark Gateway Realty OGW LLC"
"22008864","Green Acres Edition","$895","1051","1","3","8/14/2024","77","914 Locust","Cave City","Rented","Crystal Bliss","Ozark Gateway Realty OGW LLC"
"24036781","Kima 2nd","$900","1140","1","3","10/11/2024","7","93 Cochise Road","Cherokee Village","Rented","Crystal Bliss","Ozark Gateway Realty OGW LLC"
"19032995","Kima Second","$950","1050","2","3","8/14/2024","119","5 Cisco Circle","Cherokee Village","Rented","Crystal Bliss","Ozark Gateway Realty OGW LLC"
"24006631","South Lake","$950","1054","1","3","7/11/2024","52","225 E Lakeshore Dr.","Cherokee Village","Rented","Crystal Bliss","Ozark Gateway Realty OGW LLC"
"16011531","Metes & Bounds","$950","2744","2","6","4/10/2020","500","20 Big Creek Lane","Highland","Rented","Crystal Bliss","Ozark Gateway Realty OGW LLC"
"25009558","Green Valley","$1,050","1134","2","3",,"327","41 A Green Valley Loop","Vilonia","Withdrawn","Roy D Rainey Jr. - Agent: 501-221-8888","Rainey Realty, Inc."
"26024556","Lewis Bailey","$1,095","1008","2","3",,"44","120 Suda Street","Cabot","Active","Haley B Sansom - Agent: 501-676-8737","Mid South Realty"
"25009951","Green Valley","$1,100","1134","2","3",,"133","41 B Green Valley Loop","Vilonia","Withdrawn","Roy D Rainey Jr. - Agent: 501-221-8888","Rainey Realty, Inc."
"23004405","Metes & Bounds","$1,100","1280","2","3","2/28/2023","15","116 Sweet Gum Trail","Pocahontas","Rented","Crystal Bliss","Ozark Gateway Realty OGW LLC"
"25048474","Hiawatha 3rd","$1,100","1184","1","3","3/30/2026","111","160 Hiawatha Drive","Cherokee Village","Rented","Crystal Bliss","Ozark Gateway Realty OGW LLC"
"23003440","Dakota First","$1,100","1646","2","3",,"27","1 Powhatan Drive","Cherokee Village","Withdrawn","Crystal Bliss","Ozark Gateway Realty OGW LLC"
"23036021","Bailey To Jack","$1,199","1445","2","3","2/27/2024","83","1509 South Bailey","Jacksonville","Rented","Daniel Gray - Agent: 501-960-3181","RE/MAX Homefinders"
"23036020","Bailey To Jack","$1,200","1445","2","3",,"51","1507 South Bailey","Jacksonville","Withdrawn","Daniel Gray - Agent: 501-960-3181","RE/MAX Homefinders"
"26004250","Choctaw Third","$1,200","1404","2","3","2/27/2026","24","24 Menominee Drive","Cherokee Village","Rented","Crystal Bliss","Ozark Gateway Realty OGW LLC"
"23017977","Bailey To Jack","$1,225","1445","2","3",,"108","1505 S Bailey Street","Jacksonville","Withdrawn","Nicholas Tourville - Agent: 501-941-6320","Arkansas Homes & Land"
"23017981","Bailey To Jack","$1,225","1445","2","3",,"108","1509 S Bailey Street","Jacksonville","Withdrawn","Nicholas Tourville - Agent: 501-941-6320","Arkansas Homes & Land"
"22033977","Kirkland","$1,225","1144","2","3",,"153","9 Kirkland Street","Ward","Withdrawn","Roy D Rainey Jr. - Agent: 501-221-8888","Rainey Realty, Inc."
"23033433","Bailey To Jack","$1,249","1445","2","3",,"72","1511 South Bailey","Jacksonville","Withdrawn","Daniel Gray - Agent: 501-960-3181","RE/MAX Homefinders"
"23024951","Bailey To Jack","$1,250","1409","2","3",,"113","1423 South Bailey Street","Jacksonville","Withdrawn","Roy D Rainey Jr. - Agent: 501-221-8888","Rainey Realty, Inc."
"24010053","Bailey","$1,250","1428","2","3",,"253","1425 South Bailey Street","Jacksonville","Withdrawn","Roy D Rainey Jr. - Agent: 501-221-8888","Rainey Realty, Inc."
"24005617","Crow 2nd","$1,250","1398","2","3","10/1/2025","60","20 Big Horn Drive","Cherokee Village","Rented","Crystal Bliss","Ozark Gateway Realty OGW LLC"
"23017982","Bailey To Jack","$1,275","1445","2","3",,"108","1511 S Bailey Street","Jacksonville","Withdrawn","Nicholas Tourville - Agent: 501-941-6320","Arkansas Homes & Land"
"25024299","Stamps John","$1,295","1404","2","3",,"91","1513 Stamps Street","Jacksonville","Withdrawn","Heather Marshall - Agent: 501-350-0540","Blair & Co. Realtors"
"25038359","BT Laney","$1,300","1099","2","3","3/25/2026","178","2512 W Martin St","Conway","Leased","Alexis Hervey - Agent: 501-764-8386","Century 21 Parker & Scroggins Realty - Conway"
"22021306","OAKLAND GROVE ESTATES","$1,300","1500","2","4",,"110","18 Erwin Drive","Austin","Withdrawn","Roy D Rainey Jr. - Agent: 501-221-8888","Rainey Realty, Inc."
"23006653","Pikewood II","$1,300","1100","2","3","3/19/2023","14","2312 Lavern #2 Street","Bryant","Rented","Jessica Parker - Agent: 501-303-0088","Century 21 Parker & Scroggins Realty - Benton"
"25038350","BT Laney","$1,300","1099","2","3","3/16/2026","169","2512 W Martin St","Conway","Leased","Yolanda Hervey - Agent: 501-951-0057","Century 21 Parker & Scroggins Realty - Conway"
"24020981","Navasota 1st","$1,300","1104","1","3","6/24/2024","12","119 Pottawattamie Drive","Cherokee Village","Rented","Crystal Bliss","Ozark Gateway Realty OGW LLC"
"23023713","OAKLAND GROVE ESTATES","$1,300","1553","2","4",,"22","29 Erwin Drive","Austin","Withdrawn","Roy D Rainey Jr. - Agent: 501-221-8888","Rainey Realty, Inc."
"26030406","THOMAS' ACRES","$1,325","1200","2","3",,"4","211 Thomas Circle","Lonoke","New Listing","Valerie L Daniels - Agent: 501-628-8186","Iron Hog Construction & Realty, LLC"
"25042025","SOUTH HAVEN ESTATES PHASE 1","$1,350","1143","2","3",,"134","1296 Maple Street","Haskell","Withdrawn","Mary L Scogin - Agent: 501-651-0700","Prime Realty and Property Management"
"24004539","Sherwood Estates","$1,350","1274","2","3","3/14/2024","31","3113 Whispering Oak B","Bryant","Rented","Kelly E Tucker - Agent: 501-562-3939","Pro Realty, Inc."
"24004129","Sherwood Estates","$1,350","1274","2","3","4/12/2024","64","3113 Whispering Oak A","Bryant","Rented","Kelly E Tucker - Agent: 501-562-3939","Pro Realty, Inc."
"23017971","Bailey To Jack","$1,350","1445","2","3",,"27","1501 S Bailey Street","Jacksonville","Withdrawn","Nicholas Tourville - Agent: 501-941-6320","Arkansas Homes & Land"
"26027289","Not in Subdivision","$1,350","1280","2","3",,"24","7205 Brixie Road","Little Rock","Active","Holly Driver - Agent: 501-912-5231","Signature Properties"
"26020225","Homestead","$1,395","1451","2","3","6/1/2026","13","3 Sun Drenched Trail","Conway","Leased","Katelyn Boyd - Agent: 501-269-9958","Advantage Property Management"
"23032356","Laskers","$1,395","1302","2","3","12/28/2023","79","1704 W Long 17th Street","North Little Rock","Leased","Jamie M Hoffman - Agent: 501-232-8964","River Rock Realty Company"
"24042639","Sherwood Estates","$1,395","1310","2","3","4/15/2025","137","3113 Whispering Oak A","Bryant","Leased","Kelly E Tucker - Agent: 501-562-3939","Pro Realty, Inc."
"25045935","John Stamps","$1,395","1404","2","3","6/8/2026","198","1515 stamps","Jacksonville","Leased","Heather Marshall - Agent: 501-350-0540","Blair & Co. Realtors"
"26007534","SULLY'S SUBDIVISION","$1,395","1340","2","3",,"28","817 Ellis Street","Jacksonville","Withdrawn","Elizabeth O'Neill - Agent: 501-251-3065","Back Porch Realty"
"25023789","SULLY'S SUBDIVISION","$1,395","1340","2","3",,"126","815 Ellis","Jacksonville","Withdrawn","Heather Marshall - Agent: 501-350-0540","Blair & Co. Realtors"
"25041361","John Stamps","$1,395","1400","2","3",,"289","1516 S bailey","Jacksonville","Active","Heather Marshall - Agent: 501-350-0540","Blair & Co. Realtors"
"25034424","Not in Subdivision","$1,400","1113","2","3","11/18/2025","78","1718 S Cross St","Little Rock","Leased","Black Rock Property Management - Julia's #: 501-539-2325","Black Rock Realty"
"23017978","Bailey To Jack","$1,400","1445","2","3","8/23/2023","71","1507 S Bailey Street","Jacksonville","Leased","Nicholas Tourville - Agent: 501-941-6320","Arkansas Homes & Land"
"25047297","DEERFIELD ESTATES","$1,400","1377","2","3","12/9/2025","11","51 Ten Point Lane","Ward","Leased","Jessica Brown - Agent: 501-843-4663","Edge Realty"
"26026245","Navasota 1st","$1,400","1104","1","3",,"32","119 Pottawattamie Drive","Cherokee Village","Active","Crystal Bliss","Ozark Gateway Realty OGW LLC"
"23032395","FAIRVIEW HAVEN","$1,400","1807","2","3","10/25/2023","15","2602 Sarah Lane","Paragould","Leased","Danna Johnson - Cell: 870-919-2226","Johnson Real Estate Group"
"22021307","OAKLAND GROVE ESTATES","$1,400","1600","2","4",,"161","30 Erwin Drive","Austin","Withdrawn","Roy D Rainey Jr. - Agent: 501-221-8888","Rainey Realty, Inc."
"22021308","OAKLAND GROVE ESTATES","$1,400","1600","2","4",,"91","24 Erwin Drive","Austin","Withdrawn","Roy D Rainey Jr. - Agent: 501-221-8888","Rainey Realty, Inc."
"26009388","Robinson","$1,400","1567","2","4","3/27/2026","16","3122 Main Street","Little Rock","Leased","Jamie M Hoffman - Agent: 501-232-8964","River Rock Realty Company"
"25007513","01-1S-13","$1,400","1250","2","3",,"248","2600 Quidditch Loop","Benton","Expired","Amanda L Tarver - Agent: 501-317-8065","Century 21 Parker & Scroggins Realty - Benton"
"25007526","01-11-10","$1,400","1250","2","3",,"217","2400 Quidditch Loop","Benton","Expired","Amanda L Tarver - Agent: 501-317-8065","Century 21 Parker & Scroggins Realty - Benton"
"26022520","Roots & Coy","$1,400","1183","1","3",,"60","1021 S Woodrow Street","Little Rock","Active","Darius J Hall - Agent: 501-404-0190","Keller Williams Realty"
"25044404","SULLY'S SUBDIVISION","$1,425","1340","2","3","11/13/2025","7","815 Ellis","Jacksonville","Rented","Elizabeth O'Neill - Agent: 501-251-3065","Back Porch Realty Cabot Branch"
"26005453","GALLOWAYS ADDN","$1,445","1420","2","3","3/25/2027","41","215 N Elm Street","Jacksonville","Rented","Elizabeth O'Neill - Agent: 501-251-3065","Back Porch Realty"
"26005459","GALLOWAYS ADDN","$1,445","1420","2","3",,"43","221 N Elm Street","Jacksonville","Withdrawn","Elizabeth O'Neill - Agent: 501-251-3065","Back Porch Realty"
"22023413","Not in List","$1,450","1303","2","3","8/16/2022","23","1380 Fresca Lane","Conway","Leased","George Heintzen III - Agent: 501-328-2073","Welcome Home Properties"
"25036223","HP Merritts","$1,450","1320","2","3","1/2/2026","93","2119 Duncan Street","Conway","Leased","George Heintzen III - Agent: 501-328-2073","Welcome Home Properties"
"22005176","MUSEUM MEADOWS","$1,450","1486","2","3","4/1/2022","28","2210 Getty Drive","Conway","Leased","George Heintzen III - Agent: 501-328-2073","Welcome Home Properties"
"22026056","Not in List","$1,450","1300","2","3","9/7/2022","8","1355 Fresca Lane","Conway","Leased","George Heintzen III - Agent: 501-328-2073","Welcome Home Properties"
"23031581","BELL VALLEY","$1,450","1303","2","3","11/30/2023","27","1355 Fresca Lane","Conway","Leased","George Heintzen III - Agent: 501-328-2073","Welcome Home Properties"
"23037902","BELL VALLEY","$1,450","1300","2","3","12/4/2023","4","1380 Fresca Lane","Conway","Leased","George Heintzen III - Agent: 501-328-2073","Welcome Home Properties"
"25038943","PAW'S PLACE","$1,450","1430","2","3","4/14/2026","200","18 Bobby Eugene Drive","Ward","Leased","James H Knaack - Agent: 501-773-1487","PorchLight Realty"
"24040983","Baring Cross","$1,450","1350","2","3",,"175","1311 Franklin Street","North Little Rock","Withdrawn","Korry Garrett - Agent: 501-269-0999","Century 21 Sandstone Real Estate Group"
"23019081","Worthen WB","$1,450","1517","2","3","3/18/2024","267","3700 W 13th Street","Little Rock","Leased","Takeia S Johnson - Agent: 501-541-0055","Mid South Realty"
"25046033","Neely","$1,450","1386","2","3","12/31/2026","16","806 Schley","Benton","Rented","Mary L Scogin - Agent: 501-651-0700","Prime Realty and Property Management"
"22026854","Benton","$1,450","1350","2","3","10/1/2022","57","810 Schley Avenue","Benton","Rented","Wayne Post - Agent: 501-454-8263","Century 21 Parker & Scroggins Realty - Benton"
"22026851","Benton","$1,450","1350","2","3","9/23/2022","49","806 Schley Avenue","Benton","Rented","Wayne Post - Agent: 501-454-8263","Century 21 Parker & Scroggins Realty - Benton"
"23029770","Metes & Bounds","$1,475","1410","2","3","2/2/2024","104","118 Union Road","Greenbrier","Leased","George Heintzen III - Agent: 501-328-2073","Welcome Home Properties"
"23038420","Metes & Bounds","$1,475","1410","2","3","3/11/2024","88","114 Union Road","Greenbrier","Leased","George Heintzen III - Agent: 501-328-2073","Welcome Home Properties"
"24025522","Metes & Bounds","$1,475","1410","2","3","9/9/2024","35","118 Union Road","Greenbrier","Leased","George Heintzen III - Agent: 501-328-2073","Welcome Home Properties"
"26024261","Pike County","$1,475","1150","2","3",,"46","2312 Lavern Street","Bryant","Active","Steven Childress - Agent: 501-672-6909","Realty One Group - Pinnacle"
"24005022","Adams Replat #1","$1,475","1200","2","3",,"224","1914 S Dennison Street","Little Rock","Expired","Keisha D Walker","Dawn Realty"
"25041726","Speers","$1,475","1720","2","4",,"122","322 E Maple Unit B Street","Benton","Withdrawn","Mary L Scogin - Agent: 501-651-0700","Prime Realty and Property Management"
"25023785","SULLY'S SUBDIVISION","$1,495","1340","2","3","9/30/2026","77","815 Ellis Street","Jacksonville","Rented","Heather Marshall - Agent: 501-350-0540","Blair & Co. Realtors"
"26005461","GALLOWAYS ADDN","$1,495","1420","2","3","2/20/2026","8","219 N Elm Street","Jacksonville","Rented","Elizabeth O'Neill - Agent: 501-251-3065","Back Porch Realty"
"24042211","Dodges","$1,495","1500","2","3","2/3/2025","69","1411 College Street","Little Rock","Rented","Michael P Griffin - Agent: 501-454-4552","Mid South Realty"
"23017975","Bailey To Jack","$1,495","1445","2","3",,"27","1503 S Bailey Street","Jacksonville","Withdrawn","Nicholas Tourville - Agent: 501-941-6320","Arkansas Homes & Land"
"25037629","GALLOWAYS ADDN","$1,495","1420","2","3",,"146","221 N Elm Street","Jacksonville","Withdrawn","Elizabeth O'Neill - Agent: 501-251-3065","Back Porch Realty Cabot Branch"
"25037631","GALLOWAYS ADDN","$1,495","1420","2","3",,"146","219 N Elm Street","Jacksonville","Withdrawn","Elizabeth O'Neill - Agent: 501-251-3065","Back Porch Realty Cabot Branch"
"25039909","GALLOWAYS ADDN","$1,495","1420","2","3",,"130","215 N Elm Street","Jacksonville","Withdrawn","Elizabeth O'Neill - Agent: 501-251-3065","Back Porch Realty Cabot Branch"
"26025357","Homestead","$1,495","1143","2","3","7/13/2026","20","31 Winter Valley Cove","Conway","Leased","Jamie M Hoffman - Agent: 501-232-8964","River Rock Realty Company"
"16016251","Summerwood","$1,495","2579","2","4","8/15/2016","75","1601 Winbourne Drive","North Little Rock","Leased","Kristine R Barnello - Agent: 501-658-5342","Michele Phillips & Co. Realtors"
"25031302","Jones & Worthen","$1,495","1300","2","3","11/17/2025","103","3317 W 15th Street","Little Rock","Leased","Jamie M Hoffman - Agent: 501-232-8964","River Rock Realty Company"
"23019078","Worthen WB","$1,495","1517","2","3","8/18/2023","50","3700 W 13th Street","Little Rock","Leased","Takeia S Johnson - Agent: 501-541-0055","Mid South Realty"
"26001444","South Highland","$1,495","1370","2","3","3/13/2026","54","3403 W 17th Street","Little Rock","Leased","Michael P Griffin - Agent: 501-454-4552","Mid South Realty"
"26001483","South Highland","$1,495","1370","2","3","3/16/2026","56","3401 W 17th Street","Little Rock","Leased","Michael P Griffin - Agent: 501-454-4552","Mid South Realty"
"24006726","Homestead","$1,500","1470","2","4","4/19/2024","18","33 Curly Leaf Lane","Conway","Leased","George Heintzen III - Agent: 501-328-2073","Welcome Home Properties"
"24033090","Speers","$1,500","1720","2","4","11/1/2025","53","322 E Maple Street","Benton","Rented","Brittney Calhoun - Agent: 501-651-0700","Prime Realty and Property Management"
"24042354","Metes & Bounds","$1,500","1341","1","3",,"70","53 FM 101 Road","Highland","Withdrawn","Crystal Bliss","Ozark Gateway Realty OGW LLC"
"25049765","MUSEUM MEADOWS","$1,500","1300","2","3","1/30/2026","24","2220 Getty Drive","Conway","Leased","George Heintzen III - Agent: 501-328-2073","Welcome Home Properties"
"24028638","MUSEUM MEADOWS","$1,500","1407","2","3","10/4/2024","43","1060 Rockwell Drive","Conway","Leased","George Heintzen III - Agent: 501-328-2073","Welcome Home Properties"
"24010467","Homestead","$1,500","1355","2","3","5/31/2024","36","21 Curly Leaf","Conway","Leased","George Heintzen III - Agent: 501-328-2073","Welcome Home Properties"
"24003229","MUSEUM MEADOWS","$1,500","1703","2","3","4/18/2024","57","1050 Rockwell Drive","Conway","Leased","George Heintzen III - Agent: 501-328-2073","Welcome Home Properties"
"23035484","MUSEUM MEADOWS","$1,500","1300","2","3","11/14/2023","10","2220 Getty Drive","Conway","Leased","George Heintzen III - Agent: 501-328-2073","Welcome Home Properties"
"23010702","MUSEUM MEADOWS","$1,500","1703","2","3","6/27/2023","72","1050 Rockwell Drive","Conway","Leased","George Heintzen III - Agent: 501-328-2073","Welcome Home Properties"
"24025794","BELL VALLEY","$1,500","1420","2","3","8/14/2024","8","1365 Fresca Lane","Conway","Leased","George Heintzen III - Agent: 501-328-2073","Welcome Home Properties"
"23023260","BELL VALLEY","$1,500","1657","2","4","9/13/2023","42","1360 Fresca Lane","Conway","Leased","George Heintzen III - Agent: 501-328-2073","Welcome Home Properties"
"23022212","BELL VALLEY","$1,500","1486","2","3","8/18/2023","26","1270 Acuff Lane","Conway","Leased","George Heintzen III - Agent: 501-328-2073","Welcome Home Properties"
"22033286","BELL VALLEY","$1,500","1420","2","3","10/19/2022","7","1365 Fresca Lane","Conway","Leased","George Heintzen III - Agent: 501-328-2073","Welcome Home Properties"
"25042128","OAKLAND GROVE ESTATES","$1,500","1480","2","3",,"1","19 Erwin","Austin","Withdrawn","Danny N Brightwell","RE/MAX Encore"
"22024548","HP Merritts","$1,500","1256","2","3","8/4/2022","6","2119 Duncan Street","Conway","Leased","George Heintzen III - Agent: 501-328-2073","Welcome Home Properties"
"24043490","Parkway Meadows","$1,500","1300","2","3","1/31/2025","28","3049 Emerald Park Trail","Bauxite","Leased","Kimberly L Santos - Agent: 501-766-3749","Innovative Realty"
"22021478","Benton","$1,500","1350","2","3","6/29/2022","2","513 S Third Street","Benton","Rented","Wayne Post - Agent: 501-454-8263","Century 21 Parker & Scroggins Realty - Benton"
"23006656","Vivian","$1,500","1320","2","3","3/10/2023","7","2405 Vivian Drive","Benton","Rented","Jessica Parker - Agent: 501-303-0088","Century 21 Parker & Scroggins Realty - Benton"
"22008434","Oak Dale","$1,500","1355","2","3","4/15/2022","29","1221 Cherry Lane","Benton","Leased","Wayne Post - Agent: 501-454-8263","Century 21 Parker & Scroggins Realty - Benton"
"22008435","Oakmont","$1,500","1355","2","3","4/13/2022","15","1223 Cherry Lane","Benton","Leased","Wayne Post - Agent: 501-454-8263","Century 21 Parker & Scroggins Realty - Benton"
"22021487","Benton","$1,500","1350","2","3","6/29/2022","2","511 S Third Street","Benton","Leased","Wayne Post - Agent: 501-454-8263","Century 21 Parker & Scroggins Realty - Benton"
"26025682","Speers","$1,500","3300","2","4","12/31/2026","0","3222 East Maple Street","Benton","Leased","Steven Childress - Agent: 501-672-6909","Realty One Group - Pinnacle"
"25040394","COUNTRY CLUB OF ARK THE","$1,500","1362","2","3","10/31/2026","24","10417 Marilyn Drive","North Little Rock","Rented","Mary L Scogin - Agent: 501-651-0700","Prime Realty and Property Management"
"25034361","WHITE OAK CROSSING","$1,500","1600","2","3","10/31/2026","66","8609 Westwood Creek Dr.","North Little Rock","Rented","Mary L Scogin - Agent: 501-651-0700","Prime Realty and Property Management"
"24025695","THE GROVE AT CENTENNIAL VALLEY","$1,500","1243","2","3","8/16/2025","28","4520 Olympic Drive","Benton","Rented","Mary L Scogin - Agent: 501-651-0700","Prime Realty and Property Management"
"24030417","Speers","$1,500","1410","2","3","12/20/2025","121","513 S 3rd Street","Benton","Rented","Brittney Calhoun - Agent: 501-651-0700","Prime Realty and Property Management"
"24028650","Parkway Meadows","$1,500","1300","2","3",,"93","3049 Emerald Park Trail","Bauxite","Expired","Kimberly L Santos - Agent: 501-766-3749","Innovative Realty"
"25018906","Neely","$1,500","1248","2","3","7/15/2025","62","802 Schley","Benton","Rented","Mary L Scogin - Agent: 501-651-0700","Prime Realty and Property Management"
"24034262","THE GROVE AT CENTENNIAL VALLEY","$1,500","1400","2","4","11/1/2025","45","1072 Huntington Drive","Benton","Rented","Brittney Calhoun - Agent: 501-651-0700","Prime Realty and Property Management"
"25010787","HILLDALE CROSSING","$1,525","1192","2","3","5/1/2026","42","2097 Bentwood Drive","Alexander","Rented","Brittney Calhoun - Agent: 501-651-0700","Prime Realty and Property Management"
"22023051","Matthews","$1,549","1631","2","4",,"235","2 Winter Valley Cove","Conway","Withdrawn","Roy D Rainey Jr. - Agent: 501-221-8888","Rainey Realty, Inc."
"22008520","STAGECOACH MEADOWS","$1,550","1243","2","3",,"68","5 Laney Loop","Little Rock","Withdrawn","Roy D Rainey Jr. - Agent: 501-221-8888","Rainey Realty, Inc."
"25042375","Neely","$1,550","1386","2","3",,"1","806 Schley Street","Benton","Expired","Mary L Scogin - Agent: 501-651-0700","Prime Realty and Property Management"
"25049796","THE GROVE AT CENTENNIAL VALLEY","$1,550","1243","2","3","3/31/2027","35","4520 Olympic Drive","Benton","Rented","Skyla Conger - Agent: 501-317-1130","Prime Realty and Property Management"
"26022697","Kimball","$1,550","1300","2","3",,"34","717 W 32nd Street","Little Rock","Withdrawn","Veronica Gregory","Keller Williams Realty"
"25020103","Oakmont","$1,550","1355","2","3","6/30/2026","40","1223 Cherry Lane","Benton","Rented","Mary L Scogin - Agent: 501-651-0700","Prime Realty and Property Management"
"26022510","MUSEUM MEADOWS","$1,550","1486","2","3","7/1/2026","8","2210 Getty Drive","Conway","Leased","George Heintzen III - Agent: 501-328-2073","Welcome Home Properties"
"22005177","MUSEUM MEADOWS","$1,550","1543","2","4","6/3/2022","73","2230 Getty Drive","Conway","Leased","George Heintzen III - Agent: 501-328-2073","Welcome Home Properties"
"26000289","WHITE OAK CROSSING","$1,550","2025","2","3","1/23/2026","21","10805 Mason Drive","North Little Rock","Leased","Jamie M Hoffman - Agent: 501-232-8964","River Rock Realty Company"
"26024128","STAGECOACH MEADOWS","$1,550","1481","2","4","7/31/2026","46","90 Kinley Brook Lane","Cabot","Leased","Holly R Clark - Agent: 501-843-4473","CENTURY 21 Real Estate Unlimited"
"25006609","BELL VALLEY","$1,550","1544","2","4","3/21/2025","6","1360 Fresca Lane","Conway","Leased","George Heintzen III - Agent: 501-328-2073","Welcome Home Properties"
"23033602","Dickson","$1,575","1256","2","3",,"141","404 W Matthews","Brookland","Withdrawn","Eric T Burch - Agent: 870-919-4968","Burch and Co. Real Estate"
"25031181","Homestead","$1,575","1545","2","4",,"0","19 Curly Leaf","Conway","Withdrawn","Peggy Goodman - Agent: 501-676-1758","McKimmey Associates, Realtors - 50 Pine"
"25030926","Homestead","$1,575","1559","2","4","8/17/2025","9","4 Curly Leaf","Conway","Leased","Peggy Goodman - Agent: 501-676-1758","McKimmey Associates, Realtors - 50 Pine"
"25031183","Homestead","$1,575","1545","2","4",,"103","19 Curly Leaf","Conway","Withdrawn","Peggy Goodman - Agent: 501-676-1758","McKimmey Associates, Realtors - 50 Pine"
"22012457","MUSEUM MEADOWS","$1,575","1330","2","3",,"75","1115 Okeefe Avenue","Conway","Withdrawn","Roy D Rainey Jr. - Agent: 501-221-8888","Rainey Realty, Inc."
"22033069","MUSEUM MEADOWS","$1,575","1631","2","4","10/27/2022","27","1115 Rockwell Drive","Conway","Leased","Heather Marshall - Agent: 501-350-0540","McKimmey Associates, Realtors - 50 Pine"
"22032126","MUSEUM MEADOWS","$1,575","1536","2","4","10/27/2022","56","1030 O'Keefe Avenue","Conway","Leased","Peggy Goodman - Agent: 501-676-1758","McKimmey Associates, Realtors - 50 Pine"
"25039907","GALLOWAYS ADDN","$1,575","1420","2","3","10/4/2025","0","217 N Elm Street","Jacksonville","Rented","Elizabeth O'Neill - Agent: 501-251-3065","Back Porch Realty Cabot Branch"
"25049321","Not in Subdivision","$1,585","1210","2","3",,"20","17122 Raines Road","Little Rock","Expired","Holly Driver - Agent: 501-912-5231","Signature Properties"
"24026446","HILLDALE CROSSING","$1,595","1613","2","4",,"179","5009 Windflower Cove","Alexander","Withdrawn","Roy D Rainey Jr. - Agent: 501-221-8888","Rainey Realty, Inc."
"22007813","The Parks","$1,599","1500","2","3",,"378","10 Big Bend Drive","Mabelvale","Withdrawn","Roy D Rainey Jr. - Agent: 501-221-8888","Rainey Realty, Inc."
"22007519","STAGECOACH MEADOWS","$1,599","1450","2","3",,"291","53 Laney Loop","Little Rock","Withdrawn","Roy D Rainey Jr. - Agent: 501-221-8888","Rainey Realty, Inc."
"22008192","nil","$1,600","1355","2","3","4/15/2022","32","505 Genesis","Benton","Leased","Wayne Post - Agent: 501-454-8263","Century 21 Parker & Scroggins Realty - Benton"
"25038512","Hillard","$1,600","1375","2","3","12/10/2025","75","921 Banner Street","Benton","Leased","Michael P Griffin - Agent: 501-454-4552","Mid South Realty"
"25007447","nil","$1,600","1500","2","3",,"266","3700 W 13th Street","Little Rock","Withdrawn","Takeia S Johnson - Agent: 501-541-0055","Mid South Realty"
"26007115","Brendar Village","$1,600","1280","2","3",,"17","4804 Antosh #4 Circle","Jonesboro","Withdrawn","Danna Johnson - Cell: 870-919-2226","Johnson Real Estate Group"
"22008194","nil","$1,600","1475","2","3","3/31/2022","12","417 Genesis","Benton","Rented","Wayne Post - Agent: 501-454-8263","Century 21 Parker & Scroggins Realty - Benton"
"25009417","Auburn Hills","$1,600","1470","2","4","3/30/2026","19","2017 Milburn Drive","Benton","Rented","Brittney Calhoun - Agent: 501-651-0700","Prime Realty and Property Management"
"26018165","STAGECOACH MEADOWS","$1,600","1459","2","4","5/13/2026","7","15 Maddison Rachael","Cabot","Leased","James H Knaack - Agent: 501-773-1487","PorchLight Realty"
"26007956","STAGECOACH MEADOWS","$1,600","1481","2","4","4/24/2026","53","90 Kinley Brook Lane","Cabot","Leased","James H Knaack - Agent: 501-773-1487","PorchLight Realty"
"25023792","OAKLAND GROVE ESTATES","$1,600","1403","2","3","9/30/2026","78","53 Dunnaway Dr","Austin","Leased","Heather Marshall - Agent: 501-350-0540","Blair & Co. Realtors"
"22037572","Baring Cross","$1,600","1350","2","3","3/13/2023","122","1311 Franklin Street","North Little Rock","Leased","Jamie M Hoffman - Agent: 501-232-8964","River Rock Realty Company"
"26022202","Brendar Village","$1,600","1280","2","3","6/18/2026","17","4804 Antosh #4 Circle","Jonesboro","Leased","Danna Johnson - Cell: 870-919-2226","Johnson Real Estate Group"
"26012223","CYPRESS BEND AT WHITE OAK CROSSING","$1,600","1373","2","3","4/17/2026","17","110 Sofia Drive","Maumelle","Rented","Skyla Conger - Agent: 501-317-1130","Prime Realty and Property Management"
"26017842","STAGECOACH MEADOWS","$1,600","1481","2","4",,"37","90 Kinley Brook Lane","Cabot","Withdrawn","James H Knaack - Agent: 501-773-1487","PorchLight Realty"
"24038578","Burnelle Manor","$1,600","1174","2","3","12/19/2024","59","7916 Burnelle","Little Rock","Rented","Michael Holmes - Agent: 501-454-7285","IRealty Arkansas - Sherwood"
"24003855","BROOKSHIRE PLACE","$1,600","1532","2","3","3/27/2024","61","5736 Brookshire Drive","Jonesboro","Rented","Danna Johnson - Cell: 870-919-2226","Johnson Real Estate Group"
"25040659","Metes & Bounds","$1,600","1613","2","4","11/18/2025","40","25 Doe Run","Ward","Rented","Ethan Gray - Agent: 501-982-3185","Bart Gray Realty Property Management"
"24003895","BROOKSHIRE PLACE","$1,600","1532","2","3","3/22/2024","56","320 Colchester Drive","Jonesboro","Rented","Danna Johnson - Cell: 870-919-2226","Johnson Real Estate Group"
"22033283","BELL VALLEY","$1,600","1657","2","4","10/24/2022","8","1360 Fresca Lane","Conway","Leased","George Heintzen III - Agent: 501-328-2073","Welcome Home Properties"
"22035636","BELL VALLEY","$1,600","1631","2","4","12/19/2022","27","1315 Fresca Lane","Conway","Leased","George Heintzen III - Agent: 501-328-2073","Welcome Home Properties"
"26023968","Benton","$1,600","1375","2","3",,"47","921 Banner Street","Benton","Active","Takeia S Johnson - Agent: 501-541-0055","Mid South Realty"
"24044935","BROOKSHIRE PLACE","$1,600","1552","2","3","2/13/2025","59","5737 Morgan Drive","Jonesboro","Leased","Danna Johnson - Cell: 870-919-2226","Johnson Real Estate Group"
"24003885","BROOKSHIRE PLACE","$1,600","1552","2","3","3/6/2024","40","5737 Morgan Drive","Jonesboro","Leased","Danna Johnson - Cell: 870-919-2226","Johnson Real Estate Group"
"24003897","BROOKSHIRE PLACE","$1,600","1532","2","3","3/22/2024","56","404 Colchester Drive","Jonesboro","Rented","Danna Johnson - Cell: 870-919-2226","Johnson Real Estate Group"
"26001867","Homestead","$1,600","1470","2","4","3/6/2026","25","33 Curly Leaf Lane","Conway","Leased","George Heintzen III - Agent: 501-328-2073","Welcome Home Properties"
"26028635","OAKLAND GROVE ESTATES","$1,600","1403","2","3",,"0","53 Dunnaway Dr","Austin","Active","Heather Marshall - Agent: 501-350-0540","Blair & Co. Realtors"
"25027197","Burnelle Manor","$1,625","1174","2","3","8/16/2025","37","7916 Burnelle","Little Rock","Rented","Michael Holmes - Agent: 501-454-7285","IRealty Arkansas - Sherwood"
"24041704","HILLDALE CROSSING","$1,650","1250","2","3",,"16","2408 Bentwood Drive","Alexander","Withdrawn","Rocky Herman - Cell: 501-240-9172","Access Realty, Inc."
"25035347","White Oak Village","$1,650","1243","2","3","10/30/2026","59","10313 Brandi Kay","Maumelle","Rented","Shelby Ward","Arkansas Property Management & Real Estate"
"23040674","WHITE OAK CROSSING","$1,650","2500","2","3","2/9/2024","48","8601 W Westwood Creek Drive","Maumelle","Rented","Joshua Lafever - Agent: 501-230-6424","McKimmey Associates REALTORS NLR"
"25006334","The Meadows","$1,650","1496","2","4","2/17/2026","7","5189 Red Fox Trail","Bauxite","Leased","Brittney Calhoun - Agent: 501-651-0700","Prime Realty and Property Management"
"24021918","Ridgefield","$1,650","1439","2","4",,"133","1803 Rockwood Drive","Searcy","Withdrawn","Jami Honey - Agent: 501-230-6716","RE/MAX Advantage"
"24036247","BELL VALLEY","$1,650","1633","2","3","3/24/2025","145","1245 Cowbell Street","Conway","Leased","George Heintzen III - Agent: 501-328-2073","Welcome Home Properties"
"26029295","THE GROVE AT CENTENNIAL VALLEY","$1,650","1499","2","4",,"12","1072 Huntington Drive","Benton","Active","Skyla Conger - Agent: 501-317-1130","Prime Realty and Property Management"
"23020463","Westhaven 1","$1,650","1732","2","3","7/24/2023","19","700 Dakota Street","Cabot","Leased","James H Knaack - Agent: 501-773-1487","PorchLight Realty"
"25038942","PAW'S PLACE","$1,650","1430","2","3","10/27/2025","31","16 Bobby Eugene Drive","Ward","Leased","James H Knaack - Agent: 501-773-1487","PorchLight Realty"
"25031490","MUSEUM MEADOWS","$1,650","1543","2","4","8/25/2025","15","2230 Getty Drive","Conway","Leased","George Heintzen III - Agent: 501-328-2073","Welcome Home Properties"
"23008527","Auburn Hills","$1,650","1559","2","4",,"95","1935 Auburn Hills","Benton","Withdrawn","Roy D Rainey Jr. - Agent: 501-221-8888","Rainey Realty, Inc."
"25011572","Ridgefield","$1,650","1441","2","3","5/24/2025","59","1211 Ridgefield","Searcy","Rented","Tara Colunga - Agent: 501-515-3177","Dalrymple"
"24021147","THE GROVE AT CENTENNIAL VALLEY","$1,650","1652","2","4",,"50","4527 Olympic","Benton","Withdrawn","Roy D Rainey Jr. - Agent: 501-221-8888","Rainey Realty, Inc."
"24034988","COUNTRY CLUB OF ARK THE","$1,650","1565","2","3",,"153","10413 Lori Kaye Drive","Maumelle","Withdrawn","Roy D Rainey Jr. - Agent: 501-221-8888","Rainey Realty, Inc."
"22030159","MUSEUM MEADOWS","$1,650","1631","2","4","10/31/2022","24","1165 Rockwell","Conway","Rented","Esmeralda Castro - Agent: 501-472-9494","Armour Realty Group"
"26009236","ALGOOD HEIGHTS SUBDIVISION","$1,650","1436","2","3",,"76","513 Algood Street","Benton","Withdrawn","Erica York - Agent: 501-366-5115","Rackley Realty"
"26022678","GALLOWAYS ADDN","$1,650","1230","2","3",,"56","413 & 415 E Center St","Jacksonville","Active","Angel Monroe - Agent: 501-766-5328","IRealty Arkansas - Sherwood"
"24026469","Westhaven II","$1,675","1405","2","3",,"35","17 Tahoe Court","Cabot","Withdrawn","Brandon Hines - Cell: 501-258-6365","Blue Tree Realty"
"22024801","WHITE OAK CROSSING","$1,679","1700","2","3",,"363","8701 Northwood Creek Drive","North Little Rock","Withdrawn","Roy D Rainey Jr. - Agent: 501-221-8888","Rainey Realty, Inc."
"23001805","COUNTRY CLUB OF ARK THE","$1,689","1500","2","4",,"235","10501 Lori Kaye Drive","North Little Rock","Withdrawn","Roy D Rainey Jr. - Agent: 501-221-8888","Rainey Realty, Inc."
"26023749","Metes & Bounds","$1,695","1400","2","3","7/15/2026","33","26 Grandstand Drive","Austin","Rented","Jamie M Hoffman - Agent: 501-232-8964","River Rock Realty Company"
"25048414","WHITE OAK CROSSING","$1,695","1800","2","3","2/18/2026","40","10920 Mason","Maumelle","Rented","Joshua Lafever - Agent: 501-230-6424","McKimmey Associates REALTORS NLR"
"22011568","STAGECOACH MEADOWS","$1,699","1450","2","3",,"63","3 Laney Loop","Little Rock","Withdrawn","Roy D Rainey Jr. - Agent: 501-221-8888","Rainey Realty, Inc."
"23034083","HILLDALE CROSSING","$1,699","1500","2","4",,"120","2311 Bentwood Drive","Alexander","Withdrawn","Roy D Rainey Jr. - Agent: 501-221-8888","Rainey Realty, Inc."
"25039381","Jonesboro City","$1,700","2000","2","3",,"303","615 E Word Street","Jonesboro","Active","Candice Mabry - Agent: 713-385-2842","Halsey Real Estate"
"24022890","HILLDALE CROSSING","$1,700","1470","2","4","7/8/2024","10","5017 Windflower","Alexander","Leased","Kaylee N Hampton - Agent: 501-860-2375","IRealty Arkansas - Benton"
"22040939","SIDELL ESTATES","$1,700","1355","2","3",,"21","3268 Sidell Estates Drive","Benton","Withdrawn","Roy D Rainey Jr. - Agent: 501-221-8888","Rainey Realty, Inc."
"22012460","Wisteria","$1,700","1500","2","3",,"47","3 Wisteria Drive","Little Rock","Withdrawn","Roy D Rainey Jr. - Agent: 501-221-8888","Rainey Realty, Inc."
"24044305","STAGECOACH MEADOWS","$1,700","1481","2","4","1/17/2025","37","90 Kinley Brook Lane","Cabot","Leased","James H Knaack - Agent: 501-773-1487","PorchLight Realty"
"22017631","STAGECOACH MEADOWS","$1,700","1440","2","4",,"72","7 Laney Loop","Little Rock","Withdrawn","Roy D Rainey Jr. - Agent: 501-221-8888","Rainey Realty, Inc."
"26014736","Oak Dale","$1,700","1329","2","3","6/28/2026","75","1221 Cherry Lane","Benton","Rented","Skyla Conger - Agent: 501-317-1130","Prime Realty and Property Management"
"24030091","Diamondhead P1","$1,725","1356","2","3","12/31/2025","85","226 Scenic Drive","Hot Springs","Leased","Chaley Carter - Agent: 501-773-7258","Century 21 Parker & Scroggins Realty - Hot Springs"
"24039702","BELL VALLEY","$1,725","1470","2","4",,"22","1515 Parsifal Lane","Conway","Withdrawn","Wes Splawn - Cell: 501-815-3474","J.C. Thornton & Co., LLC"
"25038555","STAGECOACH MEADOWS","$1,750","1700","2","4","11/11/2025","47","60 Sarah Alyse Lane","Cabot","Rented","Joshua Lafever - Agent: 501-230-6424","McKimmey Associates REALTORS NLR"
"25016551","STAGECOACH MEADOWS","$1,750","1700","2","4","7/23/2025","86","110 Kyndall Lauren Lane","Cabot","Rented","Joshua Lafever - Agent: 501-230-6424","McKimmey Associates REALTORS NLR"
"25016396","STAGECOACH MEADOWS","$1,750","1700","2","4","7/23/2025","87","60 Sarah Alyse Lane","Cabot","Rented","Joshua Lafever - Agent: 501-230-6424","McKimmey Associates REALTORS NLR"
"23039442","APPLE CROSSING-HIGHFILL","$1,750","1550","2","4","1/1/2024","21","126 SW Vanessa Street","Gentry","Leased","Alex O'Neill","RE/MAX Real Estate Exchange"
"23021302","nil","$1,750","1436","2","3","9/5/2023","55","1034 E Bunting Street","Fayetteville","Rented","Mia Kamille Foreman - Agent: 501-346-8273","HomesWork Realty"
"24021144","COUNTRY CLUB OF ARK THE","$1,750","1459","2","4",,"23","10421 Debbie Drive","North Little Rock","Withdrawn","Roy D Rainey Jr. - Agent: 501-221-8888","Rainey Realty, Inc."
"25048272","Diamondhead P1","$1,775","1356","2","3",,"79","226 Scenic Drive","Hot Springs","Withdrawn","Chaley Carter - Agent: 501-773-7258","Century 21 Parker & Scroggins Realty - Hot Springs"
"25021538","Hillard","$1,795","1375","2","3","7/9/2025","38","921 Banner Street","Benton","Leased","Michael P Griffin - Agent: 501-454-4552","Mid South Realty"
"24044411","WHITE OAK CROSSING","$1,800","1373","2","3",,"63","10617 Lori Kaye Drive","Maumelle","Withdrawn","Roy D Rainey Jr. - Agent: 501-221-8888","Rainey Realty, Inc."
"24028490","WHITE OAK CROSSING","$1,800","1612","2","3","9/5/2024","29","10505 Cypress Knee Drive","North Little Rock","Leased","Angel Monroe - Agent: 501-766-5328","IRealty Arkansas - Sherwood"
"23039431","APPLE CROSSING-HIGHFILL","$1,800","1550","2","3",,"139","122 SW Vanessa Street","Gentry","Expired","Alex O'Neill","RE/MAX Real Estate Exchange"
"22018156","WHITE OAK CROSSING","$1,800","1600","2","3","6/27/2022","12","8609 Westwood Creek Drive","North Little Rock","Sold","Kathleen Stafford - Agent: 501-519-4574","LPT Realty"
"26027670","SOUTHFORK RANCH S/D PH I","$1,800","1613","2","4",,"22","109 Powder River Drive","Beebe","Active","James H Knaack - Agent: 501-773-1487","PorchLight Realty"
"23038282","Not in List","$1,800","1550","2","3",,"153","121 SW Vicki Street","Gentry","Expired","Alex O'Neill","RE/MAX Real Estate Exchange"
"25048955","Eureka","$1,800","1480","2","3",,"228","918 S. Reine","Mena","Active","Brianna C Cook","Select Realty"
"23038277","Not in List","$1,800","1550","2","3",,"153","118 SW Vanessa Street","Gentry","Expired","Alex O'Neill","RE/MAX Real Estate Exchange"
"26025549","Meadows","$1,825","1275","2","3",,"37","209 Sparrow Road","Jacksonville","Active","Roy D Rainey Jr. - Agent: 501-221-8888","Rainey Realty, Inc."
"26023001","Kimball South Park","$1,850","1548","2","3",,"22","3206 S Izard Street","Little Rock","Withdrawn","Roy D Rainey Jr. - Agent: 501-221-8888","Rainey Realty, Inc."
"26016647","STONE CANYON ADDITION SUBDIVISON","$1,850","1875","2","4","5/13/2026","18","245 Bighorn Trail","Maumelle","Leased","Robbie Sherman","Real Property Management Central AR"
"25021659","STAGECOACH MEADOWS","$1,850","1684","2","4","9/30/2025","115","85 Swayze Rhys Lane","Cabot","Rented","Elizabeth O'Neill - Agent: 501-251-3065","Back Porch Realty Cabot Branch"
"26015179","STONE CANYON ADDITION SUBDIVISON","$1,850","1875","2","4","4/24/2026","8","240 Bighorn Trail","Maumelle","Rented","Robbie Sherman","Real Property Management Central AR"
"26018147","Washington Avenue","$1,850","1363","2","3","7/10/2026","58","1705 N 2nd","North Little Rock","Rented","Michael Holmes - Agent: 501-454-7285","IRealty Arkansas - Sherwood"
"25028717","Little Rock","$1,895","1480","2","4","11/14/2025","113","2315 Nichols Road","Little Rock","Leased","Takeia S Johnson - Agent: 501-541-0055","Mid South Realty"
"25028719","John Barrow 6L","$1,895","1480","2","4",,"205","2311 Nichols Road","Little Rock","Withdrawn","Takeia S Johnson - Agent: 501-541-0055","Mid South Realty"
"25023560","Hicks Interurban","$1,895","1480","2","4",,"244","2217 Perry Street","Little Rock","Withdrawn","Michael P Griffin - Agent: 501-454-4552","Mid South Realty"
"25023558","Hicks Interurban","$1,895","1480","2","4",,"244","2215 Perry Street","Little Rock","Withdrawn","Michael P Griffin - Agent: 501-454-4552","Mid South Realty"
"22025875","WHITE OAK CROSSING","$1,899","1500","2","3",,"78","8705 Northwood Creek Drive","North Little Rock","Withdrawn","Roy D Rainey Jr. - Agent: 501-221-8888","Rainey Realty, Inc."
"25010547","MOUNT TABOR ESTATES","$1,900","1850","2","3","4/30/2026","21","834 Bratton Road","Lonoke","Leased","James H Knaack - Agent: 501-773-1487","PorchLight Realty"
"26005819","Wisteria Vineyard","$1,900","1572","2","3","4/25/2026","43","545 Wisteria Drive","Bauxite","Leased","Cynthia Cooper Trammel - Cell: 501-553-7203","Fathom Realty Central"
"24035324","Diamondhead","$1,900","1535","2","3","11/30/2025","22","125 Stonebriar Drive","Hot Springs","Leased","Chaley Carter - Agent: 501-773-7258","Century 21 Parker & Scroggins Realty - Hot Springs"
"25005243","Diamondhead","$1,900","1535","2","3","5/31/2026","81","125 Stonebriar Drive","Hot Springs","Leased","Chaley Carter - Agent: 501-773-7258","Century 21 Parker & Scroggins Realty - Hot Springs"
"26008491","DIAMONDHEAD","$1,900","1535","2","3","4/10/2026","36","121 Stonebriar Drive","Hot Springs","Leased","Chaley Carter - Agent: 501-773-7258","Century 21 Parker & Scroggins Realty - Hot Springs"
"24041765","WHITE OAK CROSSING","$1,900","1759","2","4","12/10/2024","23","10508 Cypress Knee Dr","North Little Rock","Leased","Angel Monroe - Agent: 501-766-5328","IRealty Arkansas - Sherwood"
"24022558","COUNTRY CLUB OF ARK THE","$1,900","1692","2","4",,"72","10308 Lori Kaye Drive","Maumelle","Withdrawn","Roy D Rainey Jr. - Agent: 501-221-8888","Rainey Realty, Inc."
"25023727","WHITE OAK CROSSING","$1,900","1766","2","4",,"94","8801 Northwood Creek Drive","North Little Rock","Withdrawn","Roy D Rainey Jr. - Agent: 501-221-8888","Rainey Realty, Inc."
"25029682","WHITE OAK CROSSING","$1,900","1728","2","4",,"26","8700 Northwood Creek","North Little Rock","Withdrawn","Christina D Hogan - Agent: 501-612-3260","Solid Rock Property Management"
"24015169","MOUNT TABOR ESTATES","$1,900","1850","2","3","6/1/2024","22","834 Bratton Road","Lonoke","Rented","James H Knaack - Agent: 501-773-1487","PorchLight Realty"
"24038503","DIAMONDHEAD","$1,925","1535","2","3","2/28/2026","89","121 Stonebriar Drive","Hot Springs","Leased","Chaley Carter - Agent: 501-773-7258","Century 21 Parker & Scroggins Realty - Hot Springs"
"26004737","DIAMONDHEAD","$1,925","1535","2","3","4/30/2027","54","121 Stonebriar Drive","Hot Springs","Rented","Chaley Carter - Agent: 501-773-7258","Century 21 Parker & Scroggins Realty - Hot Springs"
"23039436","APPLE CROSSING-HIGHFILL","$1,950","1550","2","4",,"100","123 SW Vicki Street","Gentry","Withdrawn","Alex O'Neill","RE/MAX Real Estate Exchange"
"24027308","CYPRESS BEND AT WHITE OAK CROSSING","$1,950","1500","2","4",,"84","124 Im Drive","Maumelle","Active","Roy D Rainey Jr. - Agent: 501-221-8888","Rainey Realty, Inc."
"24035749","Cypress Bend","$1,950","1355","2","3",,"86","132 IM Drive","Maumelle","Withdrawn","Takeia S Johnson - Agent: 501-541-0055","Mid South Realty"
"23006651","DIAMONDHEAD","$1,975","1531","2","3","4/6/2023","30","117 Stonebriar Drive","Hot Springs","Rented","Jessica Parker - Agent: 501-303-0088","Century 21 Parker & Scroggins Realty - Benton"
"24032103","Point West 5th","$1,975","1500","2","3","11/1/2024","61","13200 Teton Drive","Little Rock","Leased","Swaminath Kamishetty - Agent: 732-423-6960","Rackley Realty"
"25001654","Conway City","$2,000","4800","2","4",,"17","367 Sturgis Road","Conway","Withdrawn","Michael Holmes - Agent: 501-454-7285","IRealty Arkansas - Sherwood"
"24003426","Hidden Creek II","$2,000","1875","2","3","3/17/2024","51","108 Clearwater Drive","Brookland","Rented","Danna Johnson - Cell: 870-919-2226","Johnson Real Estate Group"
"26030160","COTTAGE WALK SUBDIVISION PHASE 1","$2,000","1699","2","4",,"7","1604 Rambling Brook Drive","Benton","Active","Jamie M Hoffman - Agent: 501-232-8964","River Rock Realty Company"
"26020488","THE GARDENS @ HOPE VALLEY","$2,000","1950","2","3",,"72","101 Kelton Lane","Hensley","Active","Tim Bennett - Agent: 501-416-7963","Baxley-Penfield-Moudy Realtors"
"26024778","Diamondhead J","$2,000","1531","2","3",,"9","117 Stonebriar Drive","Hot Springs","Withdrawn","Skyla Conger - Agent: 501-317-1130","Prime Realty and Property Management"
"24030420","Diamondhead J","$2,000","1535","2","3",,"58","121 Stonebriar Drive","Hot Springs","Withdrawn","Brittney Calhoun - Agent: 501-651-0700","Prime Realty and Property Management"
"24003440","Hidden Creek II","$2,000","1921","2","3","8/21/2024","208","102 Clearwater Dr","Brookland","Leased","Danna Johnson - Cell: 870-919-2226","Johnson Real Estate Group"
"25001937","Hidden Creek II","$2,000","1921","2","3","4/7/2025","96","102 Clearwater Drive","Brookland","Leased","Jessica Mills - Agent: 870-530-5394","Johnson Real Estate Group"
"24000150","Benton","$2,000","1507","2","3",,"9","712 W Ashley","Benton","Withdrawn","Marquise G Lovelace","Keller Williams Realty"
"24039548","Conway City","$2,000","4800","2","4",,"64","367 Sturgis Road","Conway","Expired","Michael Holmes - Agent: 501-454-7285","IRealty Arkansas - Sherwood"
"26030529","Heritage Heights","$2,000","1790","2","4",,"4","5399 Heritage Valley Drive","Benton","New Listing","Roy D Rainey Jr. - Agent: 501-221-8888","Rainey Realty, Inc."
"25025383","OAKLAND GROVE ESTATES","$2,000","1470","2","4",,"47","44 Dunnaway Drive","Austin","Withdrawn","Elizabeth O'Neill - Agent: 501-251-3065","Back Porch Realty Cabot Branch"
"26031033","Wellswood","$2,000","1938","2","3",,"1","9 Wedgewood Dr.","Greenbrier","New Listing","Chad Upton - Agent: 501-733-0618","Rowlett Realty, Inc."
"23016314","Autumbrook","$2,000","1790","2","3","6/2/2023","3","30 Arbor Trail","Cabot","Leased","James H Knaack - Agent: 501-773-1487","PorchLight Realty"
"24001953","Autumbrook","$2,000","1917","2","3","4/1/2024","69","11 Aberdeen Drive","Cabot","Leased","James H Knaack - Agent: 501-773-1487","PorchLight Realty"
"26020328","WOLFSBRIDGE @ CABOT PH 1-A","$2,000","1884","2","4","6/10/2026","21","61 Wolfsbridge Loop","Cabot","Leased","James H Knaack - Agent: 501-773-1487","PorchLight Realty"
"26022192","STAGECOACH MEADOWS","$2,000","1896","2","4","6/29/2026","24","35 Kinley Brook Lane","Cabot","Leased","Jessica Brown - Agent: 501-843-4663","Edge Realty"
"23028897","Elysian Hills Estates","$2,050","1450","2","3","12/1/2023","75","203 Elysian Hills Dr","Hot Springs","Leased","Sarah L Bentley - Cell: 501-520-1505","Meyers Realty Company"
"26030473","Pleasant Forest","$2,050","1938","2","4",,"4","513 Crepe Myrtle","Cabot","New Listing","James H Knaack - Agent: 501-773-1487","PorchLight Realty"
"25049127","Pleasant Forest","$2,050","1938","2","4","3/31/2026","105","505 Sweet Gum Court","Cabot","Leased","James H Knaack - Agent: 501-773-1487","PorchLight Realty"
"24007303","Greystone","$2,050","1750","2","3","2/1/2024","0","926 Greystone Boulevard","Cabot","Leased","James H Knaack - Agent: 501-773-1487","PorchLight Realty"
"25028665","Hicks Interurban","$2,095","1632","2","4","8/27/2025","38","2214 Nichols Road","Little Rock","Leased","Michael P Griffin - Agent: 501-454-4552","Mid South Realty"
"25028666","Hicks Interurban","$2,095","1632","2","4","2/9/2026","189","2218 Nichols Road","Little Rock","Leased","Michael P Griffin - Agent: 501-454-4552","Mid South Realty"
"25006454","Diamondhead","$2,100","1639","2","3","3/31/2026","24","210 Diamondhead Drive","Hot Springs","Leased","Chaley Carter - Agent: 501-773-7258","Century 21 Parker & Scroggins Realty - Hot Springs"
"26014758","Kensington","$2,100","1840","2","4",,"45","4344 Sloan Drive","Alexander","Withdrawn","Roy D Rainey Jr. - Agent: 501-221-8888","Rainey Realty, Inc."
"24014125","AUTUMN BROOKE","$2,100","1800","2","3","5/3/2024","8","32 Arbor Trail","Cabot","Leased","Jessica Brown - Agent: 501-843-4663","Edge Realty"
"24007299","Autumbrook","$2,100","1825","2","4","3/12/2024","6","38 Arbor Trail","Cabot","Leased","James H Knaack - Agent: 501-773-1487","PorchLight Realty"
"23021096","Autumbrook","$2,100","1825","2","4","7/26/2023","16","38 Arbor Trail","Cabot","Leased","James H Knaack - Agent: 501-773-1487","PorchLight Realty"
"25024972","Diamondhead","$2,125","1639","2","3","1/31/2026","43","210 Diamondhead Drive","Hot Springs","Leased","Chaley Carter - Agent: 501-773-7258","Century 21 Parker & Scroggins Realty - Hot Springs"
"26012449","Jacob Creek","$2,150","1883","2","4",,"35","41 Ava Lane","Sheridan","Withdrawn","Black Rock Property Management - Julia's #: 501-539-2325","Black Rock Realty"
"23032377","Edgemont","$2,150","2030","2","4","11/1/2023","33","4729 Edgemont Dr","Jonesboro","Leased","Danna Johnson - Cell: 870-919-2226","Johnson Real Estate Group"
"24013159","Edgemont","$2,150","2030","2","4","5/15/2024","30","4729 Edgemont Drive","Jonesboro","Rented","Danna Johnson - Cell: 870-919-2226","Johnson Real Estate Group"
"25014598","Jacob Creek","$2,160","1883","2","4","4/30/2025","1","41 Ava Lane","Sheridan","Leased","Black Rock Property Management - Julia's #: 501-539-2325","Black Rock Realty"
"22018768","GIBRALTER HGTS","$2,175","1754","2","3",,"121","1013 Nix Road","Little Rock","Withdrawn","Roy D Rainey Jr. - Agent: 501-221-8888","Rainey Realty, Inc."
"26001507","Hicks Interurban","$2,175","1632","2","4",,"87","1621 Wilson Road","Little Rock","Withdrawn","Michael P Griffin - Agent: 501-454-4552","Mid South Realty"
"23017006","Lost Creek Estates","$2,195","2115","2","3","7/1/2023","26","1303 Lost Creek Drive","Jacksonville","Rented","Rachelle Smith - Cell: 501-291-1384","McGraw Realtors - Little Rock"
"24040447","THE VILLAGES AT MAGNOLIA LANE","$2,200","2700","2","4",,"0","3548 Village Walk","Bryant","Withdrawn","Joshua Lafever - Agent: 501-230-6424","McKimmey Associates REALTORS NLR"
"26025687","THE PINES AT PARKWAY TRAILS","$2,200","1896","2","4","12/31/2026","0","18596 Parkway pines drive","Bauxite","Leased","Steven Childress - Agent: 501-672-6909","Realty One Group - Pinnacle"
"23040462","Not in Subdivision","$2,200","1650","2","4","12/29/2023","9","27265 Neighborhood Drive","Hensley","Rented","Andrew M Quinn","United Country Real Estate Red River Properties"
"24008179","Fleming & Bradford","$2,200","1765","3","3",,"185","1515 W 21st","Little Rock","Expired","Kimberly L Santos - Agent: 501-766-3749","Innovative Realty"
"23010100","GIBRALTER HGTS","$2,200","1963","2","3",,"37","1021 Nix Road","Little Rock","Withdrawn","Roy D Rainey Jr. - Agent: 501-221-8888","Rainey Realty, Inc."
"25045033","Not in List","$2,200","2100","2","3","11/14/2025","2","2517 Kara","Benton","Rented","Denise C Hipskind - Agent: 501-773-9539","IRealty Arkansas - Benton"
"23025992","THE VILLAGES AT MAGNOLIA LANE","$2,200","2700","2","4","8/23/2023","4","3548 Village Walk","Bryant","Rented","Joshua Lafever - Agent: 501-230-6424","McKimmey Associates REALTORS NLR"
"26017299","Diamond Head","$2,225","1639","2","3","6/1/2026","23","210 Diamondhead Drive","Hot Springs","Leased","Chaley Carter - Agent: 501-773-7258","Century 21 Parker & Scroggins Realty - Hot Springs"
"24039286","Benton","$2,250","1570","2","3",,"103","712 W Ashley Street","Benton","Withdrawn","Jeff Lutz - Agent: 703-475-1499","Arkansas Vacation Rental Property Mgmt"
"26018752","Historic East Village","$2,295","2050","2","3",,"9","1812 E 4th Street","Little Rock","Expired","Kenneth Hayes - Agent: 501-952-8516","Ken Hayes Realty"
"26018533","Kensington Place","$2,295","2100","2","4",,"84","6328 Warwick","Bryant","Active","Kevin Marsh - Cell: 501-944-3325","RE/MAX Affiliates Realty"
"26024819","Kensington Place","$2,299","2024","2","4",,"23","6420 Newark","Bryant","Withdrawn","Kevin Marsh - Cell: 501-944-3325","RE/MAX Affiliates Realty"
"26005027","Kensington Place","$2,299","2024","2","4",,"27","6420 Newark","Bryant","Expired","Kevin Marsh - Cell: 501-944-3325","RE/MAX Affiliates Realty"
"26030457","THE RESERVE AT COUNTRY CLUB PHASE 1","$2,300","1646","2","3",,"4","503 Cain Trail","Maumelle","New Listing","Michael Grafe - Agent: 501-860-1373","McGraw Realtors - Benton"
"26001041","Not in List","$2,300","2100","2","3",,"63","2529 Kara","Benton","Withdrawn","Denise C Hipskind - Agent: 501-773-9539","IRealty Arkansas - Benton"
"24038548","Not in List","$2,300","2100","2","3",,"62","2529 Kara","Benton","Expired","Denise C Hipskind - Agent: 501-773-9539","IRealty Arkansas - Benton"
"26009213","COUNTRY CLUB OF ARK THE","$2,300","1567","2","3","3/20/2026","10","8109 Donna Drive","North Little Rock","Leased","Jamie M Hoffman - Agent: 501-232-8964","River Rock Realty Company"
"26009063","Big Oak","$2,300","1782","2","4",,"15","412 Prickett Road","Bryant","Withdrawn","Courtney Stott - Agent: 501-554-2099","Century 21 Parker & Scroggins Realty - Bryant"
"24036056","MILLERS GLENN","$2,350","2355","2","4","10/18/2024","17","9849 Oak Forest Lane","Sherwood","Leased","Jessica Brown - Agent: 501-843-4663","Edge Realty"
"23024569","Not in List","$2,350","2100","2","3","9/15/2023","36","2517 Kara","Benton","Rented","Kaylee N Hampton - Agent: 501-860-2375","IRealty Arkansas - Benton"
"24030674","La Marche","$2,395","1500","2","3","1/20/2025","151","16316 Lamarche Drive","Little Rock","Rented","Brian L Lasley - Fax: 501-975-5551","The Lasley Company"
"26031291","Kensington","$2,400","1884","2","4",,"0","6316 Warwick","Bryant","New Listing","Joshua Lafever - Agent: 501-230-6424","McKimmey Associates REALTORS NLR"
"25032518","TETON VALLEY ADDITION","$2,400","1500","2","3",,"46","13419 Teton Drive","Little Rock","Withdrawn","Jonathan Stone","Arkansas Land & Realty, Inc."
"26016213","Village East","$2,400","1859","2","3","5/5/2026","11","3401 Village East Drive","North Little Rock","Leased","Jessica Brown - Agent: 501-843-4663","Edge Realty"
"26008910","Kensington Place","$2,400","2024","2","4","5/5/2026","38","6420 Newark","Bryant","Rented","Kevin Marsh - Cell: 501-944-3325","RE/MAX Affiliates Realty"
"26026163","Not in List","$2,400","2475","2","4",,"13","13032 Avilla Hills Cove","Alexander","Pending (FC, SS, REO)","Edward Nelson - Agent: 469-763-2862","Vylla Home"
"26018537","Kensington Place","$2,400","2100","2","4",,"39","6308 Warwick","Bryant","Expired","Kevin Marsh - Cell: 501-944-3325","RE/MAX Affiliates Realty"
"25032521","TETON VALLEY ADDITION","$2,450","1500","2","3","9/12/2025","29","13417 Teton Drive","Little Rock","Rented","Jonathan Stone","Arkansas Land & Realty, Inc."
"24007452","La Marche","$2,495","1500","2","3","5/10/2024","65","16310 Lamarche Drive","Little Rock","Leased","Brian L Lasley - Fax: 501-975-5551","The Lasley Company"
"24042785","Midtown Bryant","$2,500","1609","2","3",,"93","7 Pasley Park","Bryant","Withdrawn","Jonathan Stone","Arkansas Land & Realty, Inc."
"26023195","PROSPECT VILLAGE","$2,500","2205","3","4",,"52","4009 Stoke Drive","Jonesboro","Active","Danna Johnson - Cell: 870-919-2226","Johnson Real Estate Group"
"26020423","City of Little Rock L8","$2,500","1515","2","3",,"72","519 E 17th Street","Little Rock","Active","Roy D Rainey Jr. - Agent: 501-221-8888","Rainey Realty, Inc."
"25004985","WOODLANDS CHALETS","$2,500","2550","2","4","2/21/2025","14","1111 Grand Teton","Benton","Leased","Kaylee N Hampton - Agent: 501-860-2375","IRealty Arkansas - Benton"
"25004986","WOODLANDS CHALETS","$2,500","2550","3","4","3/8/2025","29","1113 Grand Teton","Benton","Leased","Kaylee N Hampton - Agent: 501-860-2375","IRealty Arkansas - Benton"
"23037667","Ridgeview 2","$2,500","2155","3","3","2/1/2024","65","118 Scenic Ridge Drive","Maumelle","Leased","Brandon Hines - Cell: 501-258-6365","Blue Tree Realty"
"26002373","Little Rock","$2,500","1620","2","3","4/17/2026","53","123 Edgewood Circle","Little Rock","Leased","Timothy V Johnson - Agent: 954-980-4541","Level Up Realty"
"25019299","Cypress Valley","$2,500","1985","2","4","6/13/2026","28","5009 Springwood Circle","Bryant","Rented","Brittney Calhoun - Agent: 501-651-0700","Prime Realty and Property Management"
"26024021","Cypress Valley","$2,500","1985","2","4",,"10","5009 Springwood Circle","Bryant","Withdrawn","Skyla Conger - Agent: 501-317-1130","Prime Realty and Property Management"
"25049041","Big Oak","$2,500","1782","2","4",,"24","412 Prickett Road","Bryant","Withdrawn","Courtney Stott - Agent: 501-554-2099","Century 21 Parker & Scroggins Realty - Bryant"
"24030376","Parkers","$2,500","1500","2","3",,"377","2001 Shady Avenue","Fayetteville","Expired","Chase Rackley - Agent: 501-519-4889","Rackley Realty"
"25042979","Kensington Place","$2,500","2024","2","4",,"95","6420 Newark","Bryant","Expired","Kevin Marsh - Cell: 501-944-3325","RE/MAX Affiliates Realty"
"26019635","White Oak Pond","$2,500","1920","2","4",,"62","15012 Summer Oaks Drive","Mabelvale","Expired","Gregory Dillon - Agent: 501-908-1948","Innovative Realty"
"25011109","Kanis Village","$2,550","2500","2","3",,"66","7922 Kanis Pines Drive","Little Rock","Withdrawn","Rocky Herman - Cell: 501-240-9172","Access Realty, Inc."
"25048584","Creekside","$2,550","2553","3","4","1/7/2026","27","8817 Stillwater Road","Sherwood","Leased","Jessica Brown - Agent: 501-843-4663","Edge Realty"
"24045296","EDGEWOOD PHASE 1","$2,600","1620","2","3",,"141","123 Edgewood Circle","Little Rock","Withdrawn","Swaminath Kamishetty - Agent: 732-423-6960","Rackley Realty"
"26021474","WHITE OAK CROSSING","$2,600","1459","2","4",,"36","10904 Mason Drive","North Little Rock","Withdrawn","Jamie M Hoffman - Agent: 501-232-8964","River Rock Realty Company"
"26011301","WHITE OAK CROSSING","$2,600","1459","2","4",,"14","10904 Mason Drive","North Little Rock","Withdrawn","Jamie M Hoffman - Agent: 501-232-8964","River Rock Realty Company"
"26009949","EDGEWOOD PHASE 1","$2,600","1650","2","3","6/12/2026","82","117 Edgewood Circle","Little Rock","Leased","Swaminath Kamishetty - Agent: 732-423-6960","Rackley Realty"
"23004752","nil","$2,625","2100","3","4","4/28/2023","66","15104 Angus Court","Little Rock","Leased","Christina D Hogan - Agent: 501-612-3260","Solid Rock Property Management"
"24045289","EDGEWOOD PHASE 1","$2,650","1650","2","3","4/26/2025","100","117 Edgewood Circle","Little Rock","Leased","Swaminath Kamishetty - Agent: 732-423-6960","Rackley Realty"
"25029001","Grace Village","$2,700","2518","2","5","8/7/2025","16","5104 Peace Lane","Alexander","Rented","Austin R McDaniel - Agent: 770-375-9267","Evermark Realty Group, Inc."
"24043403","Rockwater Village","$2,750","2380","2","4",,"102","400 Gardens Lane","North Little Rock","Expired","Sam Carrasquillo - Agent: 501-859-6052","IRealty Arkansas - Sherwood"
"24043404","Rockwater Village","$2,750","2380","2","4",,"102","416 Gardens Lane","North Little Rock","Expired","Sam Carrasquillo - Agent: 501-859-6052","IRealty Arkansas - Sherwood"
"24023469","Northshore","$2,750","3000","3","5","8/1/2024","30","5422 Lexington","Benton","Rented","Joshua Lafever - Agent: 501-230-6424","McKimmey Associates REALTORS NLR"
"24044559","Rockwater Village","$2,750","2380","2","4",,"8127","312 Gardens Lane","North Little Rock","Expired","Sam Carrasquillo - Agent: 501-859-6052","IRealty Arkansas - Sherwood"
"26007657","SPENCER CROSSING LLC","$2,800","2000","2","3",,"33","4005 Doler Cove","Benton","Withdrawn","Skyla Conger - Agent: 501-317-1130","Prime Realty and Property Management"
"25041633","SPENCER CROSSING LLC","$2,800","2000","2","3",,"61","4005 Doler Cove","Benton","Withdrawn","Mary L Scogin - Agent: 501-651-0700","Prime Realty and Property Management"
"26000695","Indian Head Lakes Estates","$2,900","1450","2","3",,"207","4 Shiloh Place","Sherwood","Active","Elizabeth Phillips - Agent: 501-766-9093","Michele Phillips & Co. Realtors"
"25048265","DENALI HEIGHTS","$2,900","2914","3","4",,"61","19 Denali Drive","Cabot","Withdrawn","Jessica Brown - Agent: 501-843-4663","Edge Realty"
"24016512","Northshore","$2,950","3000","3","4","7/1/2024","50","7902 S Shoreline","Benton","Rented","Joshua Lafever - Agent: 501-230-6424","McKimmey Associates REALTORS NLR"
"24044424","nil","$2,995","2367","3","4",,"95","3008 Burleigh Cove","Little Roc","Withdrawn","Rebekah Voth - Agent: 469-400-3462","Exp Realty"
"26021207","CHARLESTON PLACE SUBDIVISION","$3,000","2581","2","4",,"21","125 Patriots Point Drive","Benton","Withdrawn","Tracey Rancifer Rittelmeyer - Cell: 501-944-7707","Ausum Realty"
"25036731","Parkside","$3,000","1814","2","3",,"4","51 Saffron Circle","Little Rock","Withdrawn","Brad Miles - Agent: 501-680-4647","Crye-Leike REALTORS NLR Branch"
"25042949","STONEBROOK","$3,000","2449","3","4",,"2","15112 Matterhorn Loop","Maumelle","Withdrawn","Taylor Hunt - Agent: 541-531-6369","Blue Tree Realty"
"26029650","Raynors Ridge","$3,000","2700","3","3",,"7","3247 Dug Hill Road","Drasco","Withdrawn","Sarah Brown - Agent: 501-551-4768","Exp Realty"
"23041005","Winds of Osage","$3,000","2846","3","4","2/5/2024","39","4041 Eagle Valley","Benton","Leased","Kaylee N Hampton - Agent: 501-860-2375","IRealty Arkansas - Benton"
"23041007","Winds of Osage","$3,000","2790","3","4","1/21/2024","24","3021 Navajo","Benton","Leased","Kaylee N Hampton - Agent: 501-860-2375","IRealty Arkansas - Benton"
"25030168","Pleasant Valley","$3,195","3525","3","3","9/25/2025","57","2318 N Rodney Parham Road","Little Rock","Leased","Jamie M Hoffman - Agent: 501-232-8964","River Rock Realty Company"
"26006035","GIBRALTER HGTS","$3,200","1682","2","4",,"124","311 Gamble Road","Little Rock","Withdrawn","Wayne Post - Agent: 501-454-8263","Century 21 Parker & Scroggins Realty - Benton"
"25027158","Ridgeview Trails","$3,200","2510","3","4",,"33","141 Ridgeview Trail","Maumelle","Withdrawn","Taylor Hunt - Agent: 541-531-6369","Blue Tree Realty"
"26022971","FLETCHER VALLEY FLETCHER RIDGE","$3,350","2438","3","4","7/1/2026","12","315 Fletcher Loop","Little Rock","Leased","Charles Keener - Cell: 501-658-9675","RE/MAX Affiliates Realty"
"23040086","Fletcher & Clark","$3,400","2650","2","4",,"68","1708 E Third Street","Little Rock","Expired","Lauren Duffy De Gonzalez - Agent: 214-329-3653","Keller Williams Realty"
"25041046","COUNTRY CLUB OF ARK THE","$3,400","2600","2","4",,"8","516 Corondelet Lane","Maumelle","Withdrawn","Roy D Rainey Jr. - Agent: 501-221-8888","Rainey Realty, Inc."
"25041045","COUNTRY CLUB OF ARK THE","$3,400","2669","2","4",,"169","514 Corondelet Lane","Maumelle","Withdrawn","Roy D Rainey Jr. - Agent: 501-221-8888","Rainey Realty, Inc."
"24012374","COPPER RUN","$3,500","2035","2","3","4/18/2024","6","220 Copper Way","Little Rock","Rented","Michael Holmes - Agent: 501-454-7285","IRealty Arkansas - Sherwood"
"26014442","COPPER RUN","$3,500","2035","2","3","5/6/2026","18","220 Copper Way","Little Rock","Rented","Michael Holmes - Agent: 501-454-7285","IRealty Arkansas - Sherwood"
"25042554","LOCHRIDGE ESTATES","$3,500","2432","3","4",,"118","16110 Burleigh Court","Little Rock","Withdrawn","Rebekah Voth - Agent: 469-400-3462","Exp Realty"
"26020030","FLETCHER VALLEY FLETCHER RIDGE","$3,500","2500","3","4","7/1/2026","4","357 Fletcher Loop","Little Rock","Leased","Charles Keener - Cell: 501-658-9675","RE/MAX Affiliates Realty"
"25020166","The Reserve at Centennial","$3,500","2591","3","4",,"74","5435-A Lost Canyon Dr","Conway","Withdrawn","Jeremy Miller - Agent: 501-339-3500","Eagle Rock Realty & Property Management"
"25026209","STONEBROOK","$3,500","2551","3","4",,"41","15004 Matterhorn Loop","Maumelle","Withdrawn","Brandon Hines - Cell: 501-258-6365","Blue Tree Realty"
"25038577","THE WOODS OF HURRICANE LAKE ESTATES","$3,600","3390","3","4",,"138","7233 Havenwood Drive","Benton","Expired","Black Rock Property Management - Julia's #: 501-539-2325","Black Rock Realty"
"26027504","FLETCHER VALLEY FLETCHER RIDGE","$3,600","2950","3","4",,"23","2 Fletcher Ridge Circle","Little Rock","Active","Susan D Perry - Agent: 925-588-8297","Sentry Residential"
"25018544","Midland","$3,650","3500","4","5","6/28/2025","47","2251 Midland Road","Alexander","Rented","Michael Holmes - Agent: 501-454-7285","IRealty Arkansas - Sherwood"
"26005468","CHENAL VALLEY CHALLAIN PLACE","$3,750","2550","3","4",,"71","2 Chelle Cove","Little Rock","Expired","Rebekah Voth - Agent: 469-400-3462","Exp Realty"
"26022155","FLETCHER VALLEY FLETCHER RIDGE","$3,800","3000","3","4",,"41","15 Fletcher Ridge Circle","Little Rock","Expired","Charles Keener - Cell: 501-658-9675","RE/MAX Affiliates Realty"
"26028251","FLETCHER VALLEY FLETCHER RIDGE","$3,800","3000","3","4",,"18","15 Fletcher Ridge Circle","Little Rock","Active","Charles Keener - Cell: 501-658-9675","RE/MAX Affiliates Realty"
"26029794","COPPER RUN","$3,800","2420","3","4",,"9","219 Copper Way","Little Rock","Active","Roy D Rainey Jr. - Agent: 501-221-8888","Rainey Realty, Inc."
"25038952","STONEBROOK","$3,900","3065","3","4","11/17/2025","4","14509 Stonebrook Lane","Maumelle","Rented","Taylor Hunt - Agent: 541-531-6369","Blue Tree Realty"
"25037695","CHENAL VALLEY CAUREL COURT","$4,000","2740","2","4",,"73","160 CAUREL CIRCLE","Little Rock","Withdrawn","Jay W Davidson - Agent: 501-804-7883","Betts Real Estate"
"26008373","OAK GLEN SUB  - LITTLE ROCK","$4,000","2780","3","4",,"148","9 OAK GLEN","Little Rock","Active","Eugenia Williams - Agent: 501-804-8861","Gold Star Realty"
"26021300","FLETCHER VALLEY KINLEY RIDGE","$4,000","2200","2","3",,"65","114 Kinley Loop","Little Rock","Active","Nathan Alberius - Agent: 501-590-6791","Collier & Associates"
"24016918","Parkside","$4,150","2510","3","4","7/17/2024","63","65 Saffron Circle","Little Rock","Leased","Jamie M Hoffman - Agent: 501-232-8964","River Rock Realty Company"
"23037386","CHENAL VALLEY TOURNAY CIRCLE","$4,400","3090","3","5",,"102","79 Tournay Circle","Little Rock","Expired","Kimberly M Robbins - Agent: 501-353-4264","CBRPM Group"
"24031210","Rockwater Village","$4,500","3417","4","5","10/4/2024","39","1417 ROCKWATER BLVD","North Little Rock","Leased","Eugenia Williams - Agent: 501-804-8861","Gold Star Realty"
"25008471","Chenal Valley","$4,500","1800","2","3",,"358","18102 Rosemary Villas Parkway","Little Rock","Withdrawn","Nathan Alberius - Agent: 501-590-6791","Maris Realty, Inc."
"25008470","Chenal Valley","$4,500","1800","2","3",,"358","18100 Rosemary Villas Parkway","Little Rock","Withdrawn","Nathan Alberius - Agent: 501-590-6791","Maris Realty, Inc."
"26029806","CHENAL VALLEY TOURNAY CIRCLE","$4,600","3180","3","5",,"9","73 Tournay Circle","Little Rock","Active","Roy D Rainey Jr. - Agent: 501-221-8888","Rainey Realty, Inc."
"23010660","Mountain Park","$5,500","3577","3","5",,"33","1712 N Polk Street","Little Rock","Withdrawn","Ashley Wurtz - Agent: 501-993-6904","CBRPM Group"
"25027149","Abington","$6,000","4080","3","5",,"35","223 Abington Circle","Little Rock","Withdrawn","Taylor Hunt - Agent: 541-531-6369","Blue Tree Realty"
"23040818","HENDERSONS ADDN","$9,900","1625","2","4","4/30/2024","0","29 Jon Ross","Greenbrier","Leased","Makenzie Jones - Agent: 501-626-8256","Eagle Rock Realty & Property Management"
"23040813","HENDERSONS ADDN","$10,200","1732","2","4","10/31/2023","0","29 Jon Ross","Greenbrier","Leased","Makenzie Jones - Agent: 501-626-8256","Eagle Rock Realty & Property Management"
"25004423","Rehoboth","$15,600","1564","2","4","2/3/2025","2","1803 Rehoboth","Searcy","Leased","Tara Colunga - Agent: 501-515-3177","Dalrymple"
"23019859","Ridgefield","$17,621","1297","2","3","6/29/2023","0","96 FORMON DR","Paragould","Leased","Pete Cancilla - Agent: 870-212-0633","IMAGE Realty"
"25002017","Rehoboth","$17,700","1564","2","4","1/15/2025","14","1803 Rehoboth","Searcy","Leased","Tara Colunga - Agent: 501-515-3177","Dalrymple"
"23013478","Ridgefield","$18,015","1378","2","4","5/5/2023","0","211 FORMON DR","Paragould","Leased","Pete Cancilla - Agent: 870-212-0633","IMAGE Realty"
"24012874","HENDERSONS ADDN","$19,800","1625","2","4","4/12/2024","22","29 Jon Ross Drive","Greenbrier","Leased","Makenzie Jones - Agent: 501-626-8256","Eagle Rock Realty & Property Management"
"25012578","HENDERSONS ADDN","$20,173","1643","2","4","3/24/2025","140","7 Jon Ross Drive","Greenbrier","Leased","Makenzie Jones - Agent: 501-626-8256","Eagle Rock Realty & Property Management"
"25031177","HENDERSONS ADDN","$20,173","1566","2","4","7/16/2025","6","11 Jon Ross Drive","Greenbrier","Leased","Makenzie Jones - Agent: 501-626-8256","Eagle Rock Realty & Property Management"
"23040817","HENDERSONS ADDN","$20,400","1625","2","4","5/31/2024","0","11 Jon Ross","Greenbrier","Leased","Makenzie Jones - Agent: 501-626-8256","Eagle Rock Realty & Property Management"
"24010126","Not in Subdivision","$21,600","1709","2","4","3/31/2025","31","1140 Rockwell","Conway","Leased","Carter Archer - Agent: 501-626-8749","Eagle Rock Realty & Property Management"
"24017264","Not in Subdivision","$23,100","1631","2","4","6/30/2025","36","1175 Gallery Drive","Conway","Leased","Carter Archer - Agent: 501-626-8749","Eagle Rock Realty & Property Management"
"26007835","McDonal","$53,100","1300","2","3","3/1/2026","0","626 N 5TH Street","Paragould","Leased","Pete Cancilla - Agent: 870-212-0633","IMAGE Realty"
"26007834","McDonal","$54,000","1300","2","3","3/1/2026","0","620 N 5TH Street","Paragould","Leased","Pete Cancilla - Agent: 870-212-0633","IMAGE Realty"
