bedrooms,daysOnZillow,hdpUrl,homeStatus,lastSoldPrice,listingAddress/full,listingAddress/street,listingPrice/amount,listingPriceHistory/0/date,listingPriceHistory/0/event,listingPriceHistory/1/date,listingPriceHistory/1/event,listingPriceHistory/10/date,listingPriceHistory/10/event,listingPriceHistory/11/date,listingPriceHistory/11/event,listingPriceHistory/12/date,listingPriceHistory/12/event,listingPriceHistory/13/date,listingPriceHistory/13/event,listingPriceHistory/14/date,listingPriceHistory/14/event,listingPriceHistory/15/date,listingPriceHistory/15/event,listingPriceHistory/16/date,listingPriceHistory/16/event,listingPriceHistory/17/date,listingPriceHistory/17/event,listingPriceHistory/18/date,listingPriceHistory/18/event,listingPriceHistory/19/date,listingPriceHistory/19/event,listingPriceHistory/2/date,listingPriceHistory/2/event,listingPriceHistory/20/date,listingPriceHistory/20/event,listingPriceHistory/21/date,listingPriceHistory/21/event,listingPriceHistory/22/date,listingPriceHistory/22/event,listingPriceHistory/23/date,listingPriceHistory/23/event,listingPriceHistory/24/date,listingPriceHistory/24/event,listingPriceHistory/25/date,listingPriceHistory/25/event,listingPriceHistory/26/date,listingPriceHistory/26/event,listingPriceHistory/27/date,listingPriceHistory/27/event,listingPriceHistory/3/date,listingPriceHistory/3/event,listingPriceHistory/4/date,listingPriceHistory/4/event,listingPriceHistory/5/date,listingPriceHistory/5/event,listingPriceHistory/6/date,listingPriceHistory/6/event,listingPriceHistory/7/date,listingPriceHistory/7/event,listingPriceHistory/8/date,listingPriceHistory/8/event,listingPriceHistory/9/date,listingPriceHistory/9/event,livingArea,price,propertyUrl
3,0,/homedetails/17-Greenbrier-Dr-Benton-AR-72015/386172_zpid/,FOR_RENT,143000,"17 Greenbrier Dr, Benton, AR 72015",17 Greenbrier Dr,1625,2026-08-03T00:00:00.000Z,Listed for rent,2026-02-23T00:00:00.000Z,Listing removed,2021-12-31T00:00:00.000Z,Listed for rent,2021-11-19T00:00:00.000Z,Sold,2014-09-17T00:00:00.000Z,Listing removed,2014-07-15T00:00:00.000Z,Listed for rent,2007-07-20T00:00:00.000Z,Sold,2006-08-01T00:00:00.000Z,Sold,,,,,,,,,2026-02-19T00:00:00.000Z,Price change,,,,,,,,,,,,,,,,,2026-01-29T00:00:00.000Z,Price change,2026-01-15T00:00:00.000Z,Price change,2025-12-30T00:00:00.000Z,Price change,2025-11-24T00:00:00.000Z,Listed for rent,2024-10-01T00:00:00.000Z,Listing removed,2024-08-29T00:00:00.000Z,Listed for rent,2022-03-07T00:00:00.000Z,Listing removed,1460,1625,https://www.zillow.com/homedetails/17-Greenbrier-Dr-Benton-AR-72015/386172_zpid/
3,0,/homedetails/3005-Chapman-Ct-Bryant-AR-72022/116220648_zpid/,FOR_RENT,224500,"3005 Chapman Ct, Bryant, AR 72022",3005 Chapman Ct,2100,2026-08-03T00:00:00.000Z,Listed for rent,2025-09-21T00:00:00.000Z,Listing removed,2022-08-12T00:00:00.000Z,Listed for rent,2022-07-28T00:00:00.000Z,Price change,2022-07-23T00:00:00.000Z,Listed for sale,2012-07-16T00:00:00.000Z,Sold,2012-01-19T00:00:00.000Z,Sold,,,,,,,,,,,2025-09-09T00:00:00.000Z,Price change,,,,,,,,,,,,,,,,,2025-08-02T00:00:00.000Z,Listed for rent,2024-10-14T00:00:00.000Z,Listing removed,2024-07-01T00:00:00.000Z,Listing removed,2024-06-08T00:00:00.000Z,Listed for rent,2022-09-21T00:00:00.000Z,Listing removed,2022-09-15T00:00:00.000Z,Price change,2022-09-01T00:00:00.000Z,Sold,1588,2100,https://www.zillow.com/homedetails/3005-Chapman-Ct-Bryant-AR-72022/116220648_zpid/
3,6,/homedetails/5-Hickory-Ln-Maumelle-AR-72113/326945_zpid/,FOR_RENT,149500,"5 Hickory Ln, Maumelle, AR 72113",5 Hickory Ln,1625,2026-07-28T00:00:00.000Z,Listed for rent,2025-07-23T00:00:00.000Z,Listing removed,2022-10-04T00:00:00.000Z,Listed for rent,2021-05-20T00:00:00.000Z,Sold,2014-07-25T00:00:00.000Z,Sold,2005-02-22T00:00:00.000Z,Sold,,,,,,,,,,,,,2025-07-09T00:00:00.000Z,Listed for rent,,,,,,,,,,,,,,,,,2024-05-28T00:00:00.000Z,Listing removed,2024-05-23T00:00:00.000Z,Listed for rent,2024-05-23T00:00:00.000Z,Listing removed,2024-05-10T00:00:00.000Z,Listed for rent,2022-11-09T00:00:00.000Z,Listing removed,2022-10-20T00:00:00.000Z,Price change,2022-10-13T00:00:00.000Z,Price change,1411,1625,https://www.zillow.com/homedetails/5-Hickory-Ln-Maumelle-AR-72113/326945_zpid/
3,14,/homedetails/81-Oak-Forest-Loop-Maumelle-AR-72113/326542_zpid/,FOR_RENT,145000,"81 Oak Forest Loop, Maumelle, AR 72113",81 Oak Forest Loop,1700,2026-07-20T00:00:00.000Z,Listed for rent,2021-01-15T00:00:00.000Z,Sold,,,,,,,,,,,,,,,,,,,,,2012-10-11T00:00:00.000Z,Sold,,,,,,,,,,,,,,,,,1997-04-16T00:00:00.000Z,Sold,,,,,,,,,,,,,1300,1700,https://www.zillow.com/homedetails/81-Oak-Forest-Loop-Maumelle-AR-72113/326542_zpid/
4,0,/homedetails/6065-Discovery-Trl-Bauxite-AR-72011/442588179_zpid/,FOR_RENT,192660,"6065 Discovery Trl, Bauxite, AR 72011",6065 Discovery Trl,1595,2026-08-03T00:00:00.000Z,Listed for rent,2025-07-01T00:00:00.000Z,Listing removed,2024-12-14T00:00:00.000Z,Listed for sale,2024-11-22T00:00:00.000Z,Listing removed,2024-11-14T00:00:00.000Z,Listed for sale,,,,,,,,,,,,,,,2025-05-23T00:00:00.000Z,Listed for rent,,,,,,,,,,,,,,,,,2025-05-09T00:00:00.000Z,Sold,2025-05-01T00:00:00.000Z,Contingent,2025-04-15T00:00:00.000Z,Price change,2025-04-04T00:00:00.000Z,Price change,2025-03-07T00:00:00.000Z,Price change,2025-02-28T00:00:00.000Z,Price change,2025-01-30T00:00:00.000Z,Price change,1459,1595,https://www.zillow.com/homedetails/6065-Discovery-Trl-Bauxite-AR-72011/442588179_zpid/
4,0,/homedetails/2510-Eagle-Run-Benton-AR-72015/383043_zpid/,FOR_RENT,135000,"2510 Eagle Run, Benton, AR 72015",2510 Eagle Run,1695,2026-08-03T00:00:00.000Z,Listed for rent,2025-07-19T00:00:00.000Z,Listing removed,2019-12-08T00:00:00.000Z,Price change,2019-12-07T00:00:00.000Z,Price change,2019-12-04T00:00:00.000Z,Price change,2019-12-01T00:00:00.000Z,Price change,2019-11-30T00:00:00.000Z,Price change,2019-11-29T00:00:00.000Z,Price change,2019-11-26T00:00:00.000Z,Price change,2019-11-25T00:00:00.000Z,Price change,2019-11-23T00:00:00.000Z,Price change,2019-11-19T00:00:00.000Z,Price change,2025-07-10T00:00:00.000Z,Price change,2019-11-17T00:00:00.000Z,Price change,2019-11-13T00:00:00.000Z,Listed for sale,,,,,,,,,,,,,2025-07-02T00:00:00.000Z,Price change,2025-06-26T00:00:00.000Z,Price change,2025-04-30T00:00:00.000Z,Listed for rent,2024-04-10T00:00:00.000Z,Listing removed,2024-04-04T00:00:00.000Z,Listed for rent,2021-07-09T00:00:00.000Z,Sold,2019-12-11T00:00:00.000Z,Sold,1644,1695,https://www.zillow.com/homedetails/2510-Eagle-Run-Benton-AR-72015/383043_zpid/
4,54,/homedetails/12239-Skyview-Dr-Bauxite-AR-72011/71715798_zpid/,FOR_RENT,135000,"12239 Skyview Dr, Bauxite, AR 72011",12239 Skyview Dr,1725,2026-07-30T00:00:00.000Z,Price change,2026-06-09T00:00:00.000Z,Listed for rent,,,,,,,,,,,,,,,,,,,,,2024-05-15T00:00:00.000Z,Sold,,,,,,,,,,,,,,,,,2021-02-06T00:00:00.000Z,Sold,2020-10-27T00:00:00.000Z,Price change,2020-09-10T00:00:00.000Z,Listed for sale,2008-07-10T00:00:00.000Z,Sold,,,,,,,1600,1725,https://www.zillow.com/homedetails/12239-Skyview-Dr-Bauxite-AR-72011/71715798_zpid/
3,7,/homedetails/227-Iris-St-Haskell-AR-72015/2060765172_zpid/,FOR_RENT,195000,"227 Iris St, Haskell, AR 72015",227 Iris St,1795,2026-07-27T00:00:00.000Z,Listed for rent,2023-02-16T00:00:00.000Z,Listing removed,,,,,,,,,,,,,,,,,,,,,2023-02-08T00:00:00.000Z,Price change,,,,,,,,,,,,,,,,,2023-01-26T00:00:00.000Z,Price change,2022-12-09T00:00:00.000Z,Listed for rent,2022-11-10T00:00:00.000Z,Sold,,,,,,,,,1420,1795,https://www.zillow.com/homedetails/227-Iris-St-Haskell-AR-72015/2060765172_zpid/
4,6,/homedetails/5399-Heritage-Valley-Dr-Benton-AR-72019/2062299989_zpid/,FOR_RENT,245000,"5399 Heritage Valley Dr, Benton, AR 72019",5399 Heritage Valley Dr,2000,2026-07-27T00:00:00.000Z,Listed for rent,2026-07-15T00:00:00.000Z,Listing removed,2024-11-30T00:00:00.000Z,Price change,2024-10-04T00:00:00.000Z,Price change,2024-09-29T00:00:00.000Z,Price change,2024-09-07T00:00:00.000Z,Listed for sale,2022-08-29T00:00:00.000Z,Sold,,,,,,,,,,,2026-05-22T00:00:00.000Z,Price change,,,,,,,,,,,,,,,,,2026-04-02T00:00:00.000Z,Listed for sale,2026-04-01T00:00:00.000Z,Listing removed,2025-11-06T00:00:00.000Z,Price change,2025-10-13T00:00:00.000Z,Price change,2025-10-04T00:00:00.000Z,Listed for sale,2025-02-24T00:00:00.000Z,Sold,2025-02-05T00:00:00.000Z,Contingent,1790,2000,https://www.zillow.com/homedetails/5399-Heritage-Valley-Dr-Benton-AR-72019/2062299989_zpid/
3,5,/homedetails/4056-Kings-River-Trl-Bauxite-AR-72011/2062403626_zpid/,FOR_RENT,200660,"4056 Kings River Trl, Bauxite, AR 72011",4056 Kings River Trl,1545,2026-07-29T00:00:00.000Z,Listed for rent,2023-02-11T00:00:00.000Z,Listing removed,2022-08-04T00:00:00.000Z,Price change,2022-07-26T00:00:00.000Z,Price change,2022-07-21T00:00:00.000Z,Listed for sale,2022-07-18T00:00:00.000Z,Listing removed,2022-07-13T00:00:00.000Z,Listed for sale,,,,,,,,,,,2023-02-03T00:00:00.000Z,Price change,,,,,,,,,,,,,,,,,2023-01-11T00:00:00.000Z,Price change,2022-12-14T00:00:00.000Z,Price change,2022-11-22T00:00:00.000Z,Price change,2022-11-10T00:00:00.000Z,Listed for rent,2022-10-28T00:00:00.000Z,Sold,2022-10-08T00:00:00.000Z,Contingent,2022-08-24T00:00:00.000Z,Price change,1480,1545,https://www.zillow.com/homedetails/4056-Kings-River-Trl-Bauxite-AR-72011/2062403626_zpid/
3,6,/homedetails/1826-Auburn-Hills-Dr-Benton-AR-72015/64760739_zpid/,FOR_RENT,147500,"1826 Auburn Hills Dr, Benton, AR 72015",1826 Auburn Hills Dr,1625,2026-07-28T00:00:00.000Z,Listed for rent,2025-04-16T00:00:00.000Z,Listing removed,2022-01-24T00:00:00.000Z,Sold,2013-08-18T00:00:00.000Z,Listing removed,2013-06-02T00:00:00.000Z,Listed for sale,,,,,,,,,,,,,,,2025-03-18T00:00:00.000Z,Listed for rent,,,,,,,,,,,,,,,,,2023-08-09T00:00:00.000Z,Listing removed,2023-08-07T00:00:00.000Z,Listed for rent,2023-07-27T00:00:00.000Z,Listing removed,2023-07-24T00:00:00.000Z,Listed for rent,2022-12-21T00:00:00.000Z,Sold,2022-03-16T00:00:00.000Z,Listing removed,2022-02-28T00:00:00.000Z,Listed for rent,1300,1625,https://www.zillow.com/homedetails/1826-Auburn-Hills-Dr-Benton-AR-72015/64760739_zpid/
4,6,/homedetails/13724-Joan-Dr-Shannon-Hills-AR-72103/393639_zpid/,FOR_RENT,118000,"13724 Joan Dr, Shannon Hills, AR 72103",13724 Joan Dr,1100,2026-07-27T00:00:00.000Z,Listed for rent,2022-08-18T00:00:00.000Z,Listing removed,,,,,,,,,,,,,,,,,,,,,2022-08-05T00:00:00.000Z,Listed for rent,,,,,,,,,,,,,,,,,2022-04-26T00:00:00.000Z,Sold,2021-09-28T00:00:00.000Z,Listing removed,2021-08-30T00:00:00.000Z,Listed for rent,2019-12-04T00:00:00.000Z,Listing removed,2019-08-26T00:00:00.000Z,Price change,2019-08-16T00:00:00.000Z,Price change,2019-07-31T00:00:00.000Z,Listed for rent,1299,1100,https://www.zillow.com/homedetails/13724-Joan-Dr-Shannon-Hills-AR-72103/393639_zpid/
4,5,/homedetails/4568-Western-Woods-Dr-Benton-AR-72015/2057412537_zpid/,FOR_RENT,313100,"4568 Western Woods Dr, Benton, AR 72015",4568 Western Woods Dr,1895,2026-07-29T00:00:00.000Z,Listed for rent,2025-04-17T00:00:00.000Z,Listing removed,,,,,,,,,,,,,,,,,,,,,2025-04-10T00:00:00.000Z,Listed for rent,,,,,,,,,,,,,,,,,2023-03-31T00:00:00.000Z,Sold,,,,,,,,,,,,,1734,1895,https://www.zillow.com/homedetails/4568-Western-Woods-Dr-Benton-AR-72015/2057412537_zpid/
4,10,/homedetails/1604-Rambling-Brook-Dr-Benton-AR-72015/462316832_zpid/,FOR_RENT,231900,"1604 Rambling Brook Dr, Benton, AR 72015",1604 Rambling Brook Dr,2000,2026-07-24T00:00:00.000Z,Sold,2026-07-24T00:00:00.000Z,Listed for rent,,,,,,,,,,,,,,,,,,,,,2026-05-09T00:00:00.000Z,Listed for sale,,,,,,,,,,,,,,,,,,,,,,,,,,,,,,,1699,2000,https://www.zillow.com/homedetails/1604-Rambling-Brook-Dr-Benton-AR-72015/462316832_zpid/
4,2,/homedetails/6032-Orange-Valley-Cv-Mabelvale-AR-72103/2062762647_zpid/,FOR_RENT,,"6032 Orange Valley Cv, Mabelvale, AR 72103",6032 Orange Valley Cv,1675,2026-08-01T00:00:00.000Z,Listed for rent,2022-06-27T00:00:00.000Z,Listing removed,,,,,,,,,,,,,,,,,,,,,2022-06-15T00:00:00.000Z,Listed for rent,,,,,,,,,,,,,,,,,,,,,,,,,,,,,,,1504,1675,https://www.zillow.com/homedetails/6032-Orange-Valley-Cv-Mabelvale-AR-72103/2062762647_zpid/
3,3,/homedetails/7000-Cold-Crk-Alexander-AR-72002/454188885_zpid/,FOR_RENT,,"7000 Cold Crk, Alexander, AR 72002",7000 Cold Crk,2475,2026-07-31T00:00:00.000Z,Listed for rent,2026-07-25T00:00:00.000Z,Listing removed,,,,,,,,,,,,,,,,,,,,,2026-06-11T00:00:00.000Z,Listing removed,,,,,,,,,,,,,,,,,2026-06-04T00:00:00.000Z,Listed for rent,2026-02-26T00:00:00.000Z,Listed for sale,2026-02-22T00:00:00.000Z,Listing removed,2025-06-30T00:00:00.000Z,Listed for sale,,,,,,,2429,2475,https://www.zillow.com/homedetails/7000-Cold-Crk-Alexander-AR-72002/454188885_zpid/
3,16,/homedetails/414-Newcomb-Cv-Benton-AR-72015/384931_zpid/,FOR_RENT,65531,"414 Newcomb Cv, Benton, AR 72015",414 Newcomb Cv,1600,2026-07-17T00:00:00.000Z,Listed for rent,2010-11-30T00:00:00.000Z,Sold,,,,,,,,,,,,,,,,,,,,,2005-03-03T00:00:00.000Z,Sold,,,,,,,,,,,,,,,,,,,,,,,,,,,,,,,1384,1600,https://www.zillow.com/homedetails/414-Newcomb-Cv-Benton-AR-72015/384931_zpid/
3,19,/homedetails/1298-Ridge-Rd-Benton-AR-72015/114166758_zpid/,FOR_RENT,,"1298 Ridge Rd, Benton, AR 72015",1298 Ridge Rd,1245,2026-07-14T00:00:00.000Z,Listed for rent,2022-10-07T00:00:00.000Z,Listing removed,,,,,,,,,,,,,,,,,,,,,2022-09-22T00:00:00.000Z,Listed for rent,,,,,,,,,,,,,,,,,2021-09-20T00:00:00.000Z,Listing removed,2021-08-20T00:00:00.000Z,Listed for rent,,,,,,,,,,,1108,1245,https://www.zillow.com/homedetails/1298-Ridge-Rd-Benton-AR-72015/114166758_zpid/
3,5,/homedetails/13498-Alexis-Dr-Alexander-AR-72002/68024857_zpid/,FOR_RENT,143000,"13498 Alexis Dr, Alexander, AR 72002",13498 Alexis Dr,1550,2026-07-29T00:00:00.000Z,Listed for rent,2024-09-13T00:00:00.000Z,Listing removed,2015-08-21T00:00:00.000Z,Listing removed,2015-07-02T00:00:00.000Z,Price change,2015-06-05T00:00:00.000Z,Listed for rent,2007-01-02T00:00:00.000Z,Sold,,,,,,,,,,,,,2024-08-06T00:00:00.000Z,Listed for rent,,,,,,,,,,,,,,,,,2024-08-05T00:00:00.000Z,Listing removed,2024-07-26T00:00:00.000Z,Listed for rent,2020-06-18T00:00:00.000Z,Listing removed,2020-05-22T00:00:00.000Z,Listed for rent,2018-10-25T00:00:00.000Z,Listing removed,2018-09-02T00:00:00.000Z,Listed for rent,2016-09-07T00:00:00.000Z,Listing removed,1545,1550,https://www.zillow.com/homedetails/13498-Alexis-Dr-Alexander-AR-72002/68024857_zpid/
3,2,/homedetails/2668-Chapel-Creek-Dr-Benton-AR-72015/120791136_zpid/,FOR_RENT,,"2668 Chapel Creek Dr, Benton, AR 72015",2668 Chapel Creek Dr,1595,2026-07-31T00:00:00.000Z,Listed for rent,2020-04-14T00:00:00.000Z,Listing removed,,,,,,,,,,,,,,,,,,,,,2020-04-08T00:00:00.000Z,Listed for rent,,,,,,,,,,,,,,,,,2017-08-19T00:00:00.000Z,Listing removed,2017-08-03T00:00:00.000Z,Listed for rent,,,,,,,,,,,1478,1595,https://www.zillow.com/homedetails/2668-Chapel-Creek-Dr-Benton-AR-72015/120791136_zpid/
4,44,/homedetails/6648-Hollywood-Ave-Benton-AR-72019/460872553_zpid/,FOR_RENT,215600,"6648 Hollywood Ave, Benton, AR 72019",6648 Hollywood Ave,1745,2026-07-22T00:00:00.000Z,Price change,2026-07-07T00:00:00.000Z,Price change,,,,,,,,,,,,,,,,,,,,,2026-06-20T00:00:00.000Z,Listed for rent,,,,,,,,,,,,,,,,,2026-05-28T00:00:00.000Z,Sold,2026-04-30T00:00:00.000Z,Contingent,2026-03-31T00:00:00.000Z,Price change,2026-03-05T00:00:00.000Z,Listed for sale,,,,,,,1470,1745,https://www.zillow.com/homedetails/6648-Hollywood-Ave-Benton-AR-72019/460872553_zpid/
4,6,/homedetails/6587-Westminster-Benton-AR-72019/120554683_zpid/,FOR_RENT,555000,"6587 Westminster, Benton, AR 72019",6587 Westminster,3695,2026-07-27T00:00:00.000Z,Listed for rent,2025-06-03T00:00:00.000Z,Listing removed,2022-06-07T00:00:00.000Z,Listing removed,2022-06-03T00:00:00.000Z,Price change,2022-06-02T00:00:00.000Z,Listed for rent,2022-05-25T00:00:00.000Z,Listing removed,2022-05-20T00:00:00.000Z,Price change,2022-05-09T00:00:00.000Z,Listed for rent,2022-04-29T00:00:00.000Z,Listing removed,2022-04-04T00:00:00.000Z,Listed for rent,2021-12-28T00:00:00.000Z,Listing removed,2021-11-28T00:00:00.000Z,Listed for rent,2025-05-23T00:00:00.000Z,Listed for rent,2021-07-07T00:00:00.000Z,Sold,2021-06-01T00:00:00.000Z,Contingent,2021-05-28T00:00:00.000Z,Listed for sale,2015-02-03T00:00:00.000Z,Sold,,,,,,,,,2025-05-21T00:00:00.000Z,Listing removed,2025-05-04T00:00:00.000Z,Listed for rent,2024-02-14T00:00:00.000Z,Listing removed,2024-01-31T00:00:00.000Z,Price change,2024-01-05T00:00:00.000Z,Price change,2023-12-15T00:00:00.000Z,Price change,2023-11-29T00:00:00.000Z,Listed for rent,3650,3695,https://www.zillow.com/homedetails/6587-Westminster-Benton-AR-72019/120554683_zpid/
3,28,/homedetails/807-S-Main-Benton-AR-72015/382019_zpid/,FOR_RENT,109900,"807 S Main, Benton, AR 72015",807 S Main,1300,2026-07-31T00:00:00.000Z,Price change,2026-07-27T00:00:00.000Z,Price change,2019-10-11T00:00:00.000Z,Price change,2019-10-09T00:00:00.000Z,Price change,2019-10-07T00:00:00.000Z,Price change,2019-10-04T00:00:00.000Z,Price change,2019-10-02T00:00:00.000Z,Price change,2019-09-30T00:00:00.000Z,Price change,2019-09-28T00:00:00.000Z,Listed for sale,2019-09-27T00:00:00.000Z,Sold,2019-09-23T00:00:00.000Z,Price change,2019-09-21T00:00:00.000Z,Price change,2026-07-06T00:00:00.000Z,Listed for rent,2019-09-18T00:00:00.000Z,Price change,2019-09-16T00:00:00.000Z,Price change,2019-09-14T00:00:00.000Z,Price change,2019-09-11T00:00:00.000Z,Price change,2019-09-07T00:00:00.000Z,Price change,2019-08-31T00:00:00.000Z,Price change,2019-08-29T00:00:00.000Z,Listed for sale,2009-03-31T00:00:00.000Z,Sold,2020-04-16T00:00:00.000Z,Sold,2020-04-06T00:00:00.000Z,Listing removed,2020-04-02T00:00:00.000Z,Price change,2020-02-17T00:00:00.000Z,Listed for rent,2019-10-19T00:00:00.000Z,Listing removed,2019-10-18T00:00:00.000Z,Price change,2019-10-16T00:00:00.000Z,Price change,1288,1300,https://www.zillow.com/homedetails/807-S-Main-Benton-AR-72015/382019_zpid/
4,39,/homedetails/4521-Western-Woods-Dr-Benton-AR-72015/2057974580_zpid/,FOR_RENT,313100,"4521 Western Woods Dr, Benton, AR 72015",4521 Western Woods Dr,1945,2026-06-25T00:00:00.000Z,Listed for rent,2023-05-03T00:00:00.000Z,Listing removed,,,,,,,,,,,,,,,,,,,,,2023-04-24T00:00:00.000Z,Price change,,,,,,,,,,,,,,,,,2023-04-22T00:00:00.000Z,Listed for rent,2023-03-31T00:00:00.000Z,Sold,,,,,,,,,,,1843,1945,https://www.zillow.com/homedetails/4521-Western-Woods-Dr-Benton-AR-72015/2057974580_zpid/
3,21,/homedetails/509-North-St-Bryant-AR-72022/391371_zpid/,FOR_RENT,155000,"509 North St, Bryant, AR 72022",509 North St,1875,2026-07-13T00:00:00.000Z,Listed for rent,2022-06-22T00:00:00.000Z,Listing removed,2016-04-19T00:00:00.000Z,Listed for sale,2013-11-05T00:00:00.000Z,Sold,,,,,,,,,,,,,,,,,2022-06-17T00:00:00.000Z,Listed for rent,,,,,,,,,,,,,,,,,2021-05-17T00:00:00.000Z,Listing removed,2021-05-13T00:00:00.000Z,Listed for rent,2021-04-13T00:00:00.000Z,Sold,2021-01-02T00:00:00.000Z,Contingent,2020-12-14T00:00:00.000Z,Price change,2020-11-17T00:00:00.000Z,Listed for sale,2016-04-29T00:00:00.000Z,Listing removed,1850,1875,https://www.zillow.com/homedetails/509-North-St-Bryant-AR-72022/391371_zpid/
3,5,/homedetails/2106-Cherry-Creek-Cir-Bryant-AR-72022/390348_zpid/,FOR_RENT,175000,"2106 Cherry Creek Cir, Bryant, AR 72022",2106 Cherry Creek Cir,1695,2026-07-28T00:00:00.000Z,Listed for rent,2022-05-10T00:00:00.000Z,Listing removed,,,,,,,,,,,,,,,,,,,,,2022-04-26T00:00:00.000Z,Listed for rent,,,,,,,,,,,,,,,,,2022-03-25T00:00:00.000Z,Sold,2022-02-21T00:00:00.000Z,Contingent,2022-02-17T00:00:00.000Z,Listed for sale,2016-07-11T00:00:00.000Z,Sold,2006-10-03T00:00:00.000Z,Sold,,,,,1468,1695,https://www.zillow.com/homedetails/2106-Cherry-Creek-Cir-Bryant-AR-72022/390348_zpid/
4,53,/homedetails/17024-Congo-Ferndale-Rd-Little-Rock-AR-72210/370120_zpid/,FOR_RENT,279500,"17024 Congo Ferndale Rd, Little Rock, AR 72210",17024 Congo Ferndale Rd,1675,2026-06-10T00:00:00.000Z,Listed for rent,2020-09-11T00:00:00.000Z,Listing removed,,,,,,,,,,,,,,,,,,,,,2020-07-23T00:00:00.000Z,Listed for rent,,,,,,,,,,,,,,,,,2018-05-13T00:00:00.000Z,Listing removed,2018-01-31T00:00:00.000Z,Listed for rent,2017-03-29T00:00:00.000Z,Sold,,,,,,,,,1590,1675,https://www.zillow.com/homedetails/17024-Congo-Ferndale-Rd-Little-Rock-AR-72210/370120_zpid/
3,68,/homedetails/14805-Post-Oaks-Pl-Mabelvale-AR-72103/377459_zpid/,FOR_RENT,139000,"14805 Post Oaks Pl, Mabelvale, AR 72103",14805 Post Oaks Pl,1595,2026-07-29T00:00:00.000Z,Price change,2026-07-15T00:00:00.000Z,Price change,2018-12-03T00:00:00.000Z,Sold,2018-12-01T00:00:00.000Z,Pending sale,2018-10-30T00:00:00.000Z,Price change,2018-10-10T00:00:00.000Z,Listed for sale,2011-05-20T00:00:00.000Z,Listing removed,2010-12-02T00:00:00.000Z,Sold,2010-05-23T00:00:00.000Z,Listed for sale,2007-12-05T00:00:00.000Z,Sold,,,,,2026-06-05T00:00:00.000Z,Price change,,,,,,,,,,,,,,,,,2026-05-27T00:00:00.000Z,Listed for rent,2023-11-16T00:00:00.000Z,Listing removed,2023-10-31T00:00:00.000Z,Listed for rent,2021-09-17T00:00:00.000Z,Listing removed,2021-08-30T00:00:00.000Z,Listed for rent,2021-06-21T00:00:00.000Z,Sold,2021-05-19T00:00:00.000Z,Listed for sale,1418,1595,https://www.zillow.com/homedetails/14805-Post-Oaks-Pl-Mabelvale-AR-72103/377459_zpid/
4,60,/homedetails/5813-Heritage-Heights-Dr-Benton-AR-72019/71715692_zpid/,FOR_RENT,199000,"5813 Heritage Heights Dr, Benton, AR 72019",5813 Heritage Heights Dr,1795,2026-07-29T00:00:00.000Z,Price change,2026-07-15T00:00:00.000Z,Price change,2022-02-04T00:00:00.000Z,Price change,2021-12-21T00:00:00.000Z,Listed for rent,2021-11-17T00:00:00.000Z,Sold,2021-11-12T00:00:00.000Z,Contingent,2021-10-13T00:00:00.000Z,Listed for sale,2016-02-17T00:00:00.000Z,Sold,2014-10-06T00:00:00.000Z,Listing removed,2014-07-21T00:00:00.000Z,Price change,2013-10-18T00:00:00.000Z,Listed for sale,,,2026-06-04T00:00:00.000Z,Listed for rent,,,,,,,,,,,,,,,,,2024-04-06T00:00:00.000Z,Listing removed,2024-03-28T00:00:00.000Z,Listed for rent,2023-07-05T00:00:00.000Z,Listing removed,2023-06-23T00:00:00.000Z,Listed for rent,2022-05-23T00:00:00.000Z,Listing removed,2022-05-17T00:00:00.000Z,Listed for rent,2022-02-23T00:00:00.000Z,Listing removed,1792,1795,https://www.zillow.com/homedetails/5813-Heritage-Heights-Dr-Benton-AR-72019/71715692_zpid/
3,33,/homedetails/103-Pope-Dr-Benton-AR-72015/82243468_zpid/,FOR_RENT,115000,"103 Pope Dr, Benton, AR 72015",103 Pope Dr,1625,2026-07-01T00:00:00.000Z,Listed for rent,2024-08-21T00:00:00.000Z,Listing removed,2013-11-25T00:00:00.000Z,Listed for sale,2013-10-08T00:00:00.000Z,Sold,2012-06-06T00:00:00.000Z,Listing removed,2012-05-24T00:00:00.000Z,Price change,2012-03-22T00:00:00.000Z,Listed for sale,2008-01-28T00:00:00.000Z,Sold,,,,,,,,,2024-07-02T00:00:00.000Z,Price change,,,,,,,,,,,,,,,,,2024-05-31T00:00:00.000Z,Listed for rent,2017-07-19T00:00:00.000Z,Listing removed,2017-06-17T00:00:00.000Z,Listed for rent,2016-11-06T00:00:00.000Z,Listing removed,2014-04-08T00:00:00.000Z,Listing removed,2014-01-31T00:00:00.000Z,Sold,2014-01-29T00:00:00.000Z,Listed for rent,1559,1625,https://www.zillow.com/homedetails/103-Pope-Dr-Benton-AR-72015/82243468_zpid/
4,31,/homedetails/1056-Huntington-Dr-Benton-AR-72019/2061811695_zpid/,FOR_RENT,206900,"1056 Huntington Dr, Benton, AR 72019",1056 Huntington Dr,1625,2026-07-02T00:00:00.000Z,Listed for rent,2025-06-23T00:00:00.000Z,Listing removed,2022-10-05T00:00:00.000Z,Contingent,2022-10-04T00:00:00.000Z,Price change,2022-08-23T00:00:00.000Z,Listed for sale,,,,,,,,,,,,,,,2025-05-14T00:00:00.000Z,Price change,,,,,,,,,,,,,,,,,2025-05-07T00:00:00.000Z,Price change,2025-04-30T00:00:00.000Z,Price change,2025-04-23T00:00:00.000Z,Price change,2025-04-04T00:00:00.000Z,Listed for rent,2024-02-10T00:00:00.000Z,Listing removed,2024-01-25T00:00:00.000Z,Listed for rent,2022-11-23T00:00:00.000Z,Sold,1470,1625,https://www.zillow.com/homedetails/1056-Huntington-Dr-Benton-AR-72019/2061811695_zpid/
3,47,/homedetails/13996-Pine-Glen-Cv-Alexander-AR-72002/92431875_zpid/,FOR_RENT,179000,"13996 Pine Glen Cv, Alexander, AR 72002",13996 Pine Glen Cv,1595,2026-06-17T00:00:00.000Z,Listed for rent,2023-06-14T00:00:00.000Z,Listing removed,2010-09-18T00:00:00.000Z,Price change,2010-09-11T00:00:00.000Z,Listed for sale,2008-02-05T00:00:00.000Z,Sold,,,,,,,,,,,,,,,2023-05-31T00:00:00.000Z,Listed for rent,,,,,,,,,,,,,,,,,2023-03-15T00:00:00.000Z,Sold,2022-11-15T00:00:00.000Z,Listed for sale,2011-05-15T00:00:00.000Z,Listing removed,2011-01-31T00:00:00.000Z,Pending sale,2010-12-27T00:00:00.000Z,Price change,2010-11-20T00:00:00.000Z,Pending sale,2010-10-29T00:00:00.000Z,Price change,1400,1595,https://www.zillow.com/homedetails/13996-Pine-Glen-Cv-Alexander-AR-72002/92431875_zpid/
5,34,/homedetails/2318-Redwood-Dr-Benton-AR-72015/52934050_zpid/,FOR_RENT,216000,"2318 Redwood Dr, Benton, AR 72015",2318 Redwood Dr,2095,2026-07-23T00:00:00.000Z,Price change,2026-07-14T00:00:00.000Z,Price change,2021-12-21T00:00:00.000Z,Listed for rent,2021-11-01T00:00:00.000Z,Sold,2021-10-03T00:00:00.000Z,Contingent,2021-09-30T00:00:00.000Z,Listed for sale,,,,,,,,,,,,,2026-06-29T00:00:00.000Z,Listed for rent,,,,,,,,,,,,,,,,,2024-11-05T00:00:00.000Z,Listing removed,2024-05-02T00:00:00.000Z,Listing removed,2024-05-02T00:00:00.000Z,Listed for rent,2024-04-25T00:00:00.000Z,Listing removed,2024-04-23T00:00:00.000Z,Listed for rent,2022-01-24T00:00:00.000Z,Listing removed,2022-01-19T00:00:00.000Z,Price change,1909,2095,https://www.zillow.com/homedetails/2318-Redwood-Dr-Benton-AR-72015/52934050_zpid/
3,55,/homedetails/3006-Hilldale-Rd-Alexander-AR-72002/368446_zpid/,FOR_RENT,210000,"3006 Hilldale Rd, Alexander, AR 72002",3006 Hilldale Rd,1845,2026-07-29T00:00:00.000Z,Price change,2026-06-09T00:00:00.000Z,Listed for rent,2024-09-25T00:00:00.000Z,Price change,2024-09-24T00:00:00.000Z,Listed for rent,2024-05-21T00:00:00.000Z,Listing removed,2024-05-13T00:00:00.000Z,Price change,2024-05-10T00:00:00.000Z,Price change,2024-05-09T00:00:00.000Z,Price change,2024-05-02T00:00:00.000Z,Price change,2024-05-01T00:00:00.000Z,Price change,2024-04-25T00:00:00.000Z,Price change,2024-04-02T00:00:00.000Z,Listed for rent,2025-05-30T00:00:00.000Z,Listing removed,2024-01-08T00:00:00.000Z,Listing removed,2023-10-01T00:00:00.000Z,Price change,2023-08-19T00:00:00.000Z,Price change,2023-08-02T00:00:00.000Z,Listed for sale,2022-09-20T00:00:00.000Z,Listing removed,2021-06-21T00:00:00.000Z,Sold,2017-02-15T00:00:00.000Z,Sold,,,2025-04-23T00:00:00.000Z,Price change,2025-03-15T00:00:00.000Z,Listed for rent,2024-11-06T00:00:00.000Z,Listing removed,2024-10-24T00:00:00.000Z,Price change,2024-10-16T00:00:00.000Z,Price change,2024-10-10T00:00:00.000Z,Listed for rent,2024-10-01T00:00:00.000Z,Listing removed,1960,1845,https://www.zillow.com/homedetails/3006-Hilldale-Rd-Alexander-AR-72002/368446_zpid/
4,0,/homedetails/6056-Orange-Valley-Cv-Mabelvale-AR-72103/463591455_zpid/,FOR_RENT,,"6056 Orange Valley Cv, Mabelvale, AR 72103",6056 Orange Valley Cv,1675,2026-07-01T00:00:00.000Z,Listed for rent,,,,,,,,,,,,,,,,,,,,,,,,,,,,,,,,,,,,,,,,,,,,,,,,,,,,,,,1537,1675,https://www.zillow.com/homedetails/6056-Orange-Valley-Cv-Mabelvale-AR-72103/463591455_zpid/
3,60,/homedetails/3280-Sidell-Estates-Dr-Benton-AR-72015/2060825478_zpid/,FOR_RENT,198945,"3280 Sidell Estates Dr, Benton, AR 72015",3280 Sidell Estates Dr,1445,2026-07-30T00:00:00.000Z,Price change,2026-07-23T00:00:00.000Z,Price change,2023-03-29T00:00:00.000Z,Listing removed,2023-03-08T00:00:00.000Z,Listed for rent,2023-02-14T00:00:00.000Z,Sold,2023-01-20T00:00:00.000Z,Contingent,2022-12-27T00:00:00.000Z,Price change,2022-11-04T00:00:00.000Z,Listed for sale,,,,,,,,,2026-07-16T00:00:00.000Z,Price change,,,,,,,,,,,,,,,,,2026-07-09T00:00:00.000Z,Price change,2026-06-03T00:00:00.000Z,Listed for rent,2024-11-07T00:00:00.000Z,Listing removed,2024-10-31T00:00:00.000Z,Price change,2024-08-30T00:00:00.000Z,Listed for rent,2024-08-19T00:00:00.000Z,Listing removed,2024-07-20T00:00:00.000Z,Listed for rent,1422,1445,https://www.zillow.com/homedetails/3280-Sidell-Estates-Dr-Benton-AR-72015/2060825478_zpid/
3,6,/homedetails/1810-Rich-Smith-Ln-Conway-AR-72032/102992676_zpid/,FOR_RENT,,"1810 Rich Smith Ln, Conway, AR 72032",1810 Rich Smith Ln,2500,2026-07-27T00:00:00.000Z,Price change,2026-06-22T00:00:00.000Z,Price change,,,,,,,,,,,,,,,,,,,,,2026-04-22T00:00:00.000Z,Price change,,,,,,,,,,,,,,,,,2026-01-07T00:00:00.000Z,Listed for rent,,,,,,,,,,,,,2310,2500,https://www.zillow.com/homedetails/1810-Rich-Smith-Ln-Conway-AR-72032/102992676_zpid/
4,45,/homedetails/9207-Pleasant-Valley-Dr-Alexander-AR-72002/305110248_zpid/,FOR_RENT,,"9207 Pleasant Valley Dr, Alexander, AR 72002",9207 Pleasant Valley Dr,1695,2026-07-09T00:00:00.000Z,Listed for rent,2026-06-26T00:00:00.000Z,Listing removed,,,,,,,,,,,,,,,,,,,,,2026-06-18T00:00:00.000Z,Listed for rent,,,,,,,,,,,,,,,,,2023-10-30T00:00:00.000Z,Listing removed,2023-10-26T00:00:00.000Z,Listed for rent,,,,,,,,,,,1476,1695,https://www.zillow.com/homedetails/9207-Pleasant-Valley-Dr-Alexander-AR-72002/305110248_zpid/
3,3,/homedetails/2035-Shadow-Ridge-Rd-Conway-AR-72032/102990610_zpid/,FOR_RENT,149500,"2035 Shadow Ridge Rd, Conway, AR 72032",2035 Shadow Ridge Rd,1500,2026-07-31T00:00:00.000Z,Listed for rent,2022-07-09T00:00:00.000Z,Listing removed,2013-03-21T00:00:00.000Z,Listed for sale,,,,,,,,,,,,,,,,,,,2022-07-07T00:00:00.000Z,Listed for rent,,,,,,,,,,,,,,,,,2021-01-12T00:00:00.000Z,Listing removed,2021-01-08T00:00:00.000Z,Listed for rent,2018-12-21T00:00:00.000Z,Sold,2018-09-17T00:00:00.000Z,Sold,2017-10-23T00:00:00.000Z,Listing removed,2017-07-17T00:00:00.000Z,Listed for sale,2013-07-17T00:00:00.000Z,Sold,1560,1500,https://www.zillow.com/homedetails/2035-Shadow-Ridge-Rd-Conway-AR-72032/102990610_zpid/
3,5,/homedetails/40-Camily-Ct-Vilonia-AR-72173/2103976763_zpid/,FOR_RENT,,"40 Camily Ct, Vilonia, AR 72173",40 Camily Ct,950,2026-07-28T00:00:00.000Z,Listed for rent,,,,,,,,,,,,,,,,,,,,,,,,,,,,,,,,,,,,,,,,,,,,,,,,,,,,,,,1250,950,https://www.zillow.com/homedetails/40-Camily-Ct-Vilonia-AR-72173/2103976763_zpid/
4,44,/homedetails/6673-Hollywood-Ave-Benton-AR-72019/461413230_zpid/,FOR_RENT,215900,"6673 Hollywood Ave, Benton, AR 72019",6673 Hollywood Ave,1845,2026-07-22T00:00:00.000Z,Price change,2026-07-07T00:00:00.000Z,Price change,,,,,,,,,,,,,,,,,,,,,2026-06-20T00:00:00.000Z,Listed for rent,,,,,,,,,,,,,,,,,2026-05-28T00:00:00.000Z,Sold,2026-04-30T00:00:00.000Z,Contingent,2026-03-31T00:00:00.000Z,Listed for sale,,,,,,,,,2250,1845,https://www.zillow.com/homedetails/6673-Hollywood-Ave-Benton-AR-72019/461413230_zpid/
3,4,/homedetails/2135-Raintree-Dr-Conway-AR-72032/240139_zpid/,FOR_RENT,106000,"2135 Raintree Dr, Conway, AR 72032",2135 Raintree Dr,1435,2026-07-29T00:00:00.000Z,Listed for rent,2024-07-03T00:00:00.000Z,Listing removed,2013-11-15T00:00:00.000Z,Sold,2013-04-06T00:00:00.000Z,Listing removed,2013-03-20T00:00:00.000Z,Listed for rent,2008-04-30T00:00:00.000Z,Sold,,,,,,,,,,,,,2024-07-01T00:00:00.000Z,Listed for rent,,,,,,,,,,,,,,,,,2019-07-11T00:00:00.000Z,Listing removed,2019-07-03T00:00:00.000Z,Listed for rent,2019-05-01T00:00:00.000Z,Sold,2017-02-27T00:00:00.000Z,Listing removed,2017-02-24T00:00:00.000Z,Listed for rent,2015-01-18T00:00:00.000Z,Listing removed,2015-01-15T00:00:00.000Z,Listed for rent,1042,1435,https://www.zillow.com/homedetails/2135-Raintree-Dr-Conway-AR-72032/240139_zpid/
3,13,/homedetails/40-Ridge-Trl-Sherwood-AR-72120/232839_zpid/,FOR_RENT,230600,"40 Ridge Trl, Sherwood, AR 72120",40 Ridge Trl,1899,2026-07-20T00:00:00.000Z,Listed for rent,2026-06-17T00:00:00.000Z,Listing removed,2001-09-05T00:00:00.000Z,Sold,,,,,,,,,,,,,,,,,,,2026-06-02T00:00:00.000Z,Price change,,,,,,,,,,,,,,,,,2025-09-19T00:00:00.000Z,Price change,2025-07-22T00:00:00.000Z,Price change,2025-06-24T00:00:00.000Z,Price change,2025-04-15T00:00:00.000Z,Price change,2025-03-14T00:00:00.000Z,Price change,2025-02-27T00:00:00.000Z,Listed for rent,2014-10-03T00:00:00.000Z,Sold,2200,1899,https://www.zillow.com/homedetails/40-Ridge-Trl-Sherwood-AR-72120/232839_zpid/
3,12,/homedetails/1406-Bruce-St-Conway-AR-72034/235425_zpid/,FOR_RENT,87000,"1406 Bruce St, Conway, AR 72034",1406 Bruce St,2500,2026-07-21T00:00:00.000Z,Listed for rent,2025-09-27T00:00:00.000Z,Listing removed,2018-03-31T00:00:00.000Z,Listing removed,2018-03-24T00:00:00.000Z,Price change,2018-02-27T00:00:00.000Z,Price change,2018-02-08T00:00:00.000Z,Listed for rent,2018-02-08T00:00:00.000Z,Listing removed,2017-12-14T00:00:00.000Z,Listed for sale,2017-06-06T00:00:00.000Z,Sold,2017-05-03T00:00:00.000Z,Listed for sale,2015-04-09T00:00:00.000Z,Listing removed,2015-04-01T00:00:00.000Z,Listed for sale,2025-08-07T00:00:00.000Z,Listed for rent,2015-02-19T00:00:00.000Z,Listing removed,2014-10-09T00:00:00.000Z,Listed for sale,2014-06-03T00:00:00.000Z,Listing removed,2014-04-15T00:00:00.000Z,Price change,2014-02-25T00:00:00.000Z,Listed for sale,2010-06-02T00:00:00.000Z,Sold,2004-10-01T00:00:00.000Z,Sold,,,2024-06-24T00:00:00.000Z,Listing removed,2024-06-18T00:00:00.000Z,Listed for rent,2022-03-09T00:00:00.000Z,Listing removed,2022-02-19T00:00:00.000Z,Price change,2022-01-31T00:00:00.000Z,Listed for rent,2019-02-28T00:00:00.000Z,Listing removed,2019-02-09T00:00:00.000Z,Listed for rent,1500,2500,https://www.zillow.com/homedetails/1406-Bruce-St-Conway-AR-72034/235425_zpid/
3,18,/homedetails/2250-Wilmington-Dr-Conway-AR-72034/59917837_zpid/,FOR_RENT,141000,"2250 Wilmington Dr, Conway, AR 72034",2250 Wilmington Dr,1600,2026-07-16T00:00:00.000Z,Listed for rent,2023-03-14T00:00:00.000Z,Listing removed,,,,,,,,,,,,,,,,,,,,,2023-03-10T00:00:00.000Z,Listed for rent,,,,,,,,,,,,,,,,,2020-01-10T00:00:00.000Z,Listing removed,2019-11-04T00:00:00.000Z,Listed for rent,2017-08-31T00:00:00.000Z,Sold,2017-07-31T00:00:00.000Z,Price change,2017-07-17T00:00:00.000Z,Listed for sale,2005-02-23T00:00:00.000Z,Sold,,,1449,1600,https://www.zillow.com/homedetails/2250-Wilmington-Dr-Conway-AR-72034/59917837_zpid/
3,118,/homedetails/2-Centennial-Loop-Greenbrier-AR-72058/461545841_zpid/,FOR_RENT,,"2 Centennial Loop, Greenbrier, AR 72058",2 Centennial Loop,1400,2026-04-07T00:00:00.000Z,Listed for rent,,,,,,,,,,,,,,,,,,,,,,,,,,,,,,,,,,,,,,,,,,,,,,,,,,,,,,,1340,1400,https://www.zillow.com/homedetails/2-Centennial-Loop-Greenbrier-AR-72058/461545841_zpid/
3,12,/homedetails/2024-Weems-St-Conway-AR-72034/338960334_zpid/,FOR_RENT,,"2024 Weems St, Conway, AR 72034",2024 Weems St,2500,2026-07-21T00:00:00.000Z,Listed for rent,,,,,,,,,,,,,,,,,,,,,,,,,,,,,,,,,,,,,,,,,,,,,,,,,,,,,,,,2500,https://www.zillow.com/homedetails/2024-Weems-St-Conway-AR-72034/338960334_zpid/
3,59,/homedetails/1605-Ryder-St-Conway-AR-72032/2066411863_zpid/,FOR_RENT,,"1605 Ryder St, Conway, AR 72032",1605 Ryder St,1650,2026-06-22T00:00:00.000Z,Price change,2026-06-04T00:00:00.000Z,Listed for rent,,,,,,,,,,,,,,,,,,,,,2022-04-19T00:00:00.000Z,Listing removed,,,,,,,,,,,,,,,,,2022-02-16T00:00:00.000Z,Listed for rent,,,,,,,,,,,,,1243,1650,https://www.zillow.com/homedetails/1605-Ryder-St-Conway-AR-72032/2066411863_zpid/
3,47,/homedetails/1405-Appalachain-Dr-Conway-AR-72034/35730407_zpid/,FOR_RENT,180500,"1405 Appalachain Dr, Conway, AR 72034",1405 Appalachain Dr,1450,2026-06-17T00:00:00.000Z,Listed for rent,2025-01-27T00:00:00.000Z,Listing removed,2022-04-20T00:00:00.000Z,Pending sale,2022-04-20T00:00:00.000Z,Contingent,2022-04-16T00:00:00.000Z,Listed for sale,2016-09-01T00:00:00.000Z,Sold,2016-08-01T00:00:00.000Z,Listed for sale,,,,,,,,,,,2024-10-29T00:00:00.000Z,Price change,,,,,,,,,,,,,,,,,2024-09-04T00:00:00.000Z,Listed for rent,2023-09-26T00:00:00.000Z,Listing removed,2023-08-03T00:00:00.000Z,Price change,2023-06-22T00:00:00.000Z,Listed for rent,2022-07-05T00:00:00.000Z,Listing removed,2022-06-23T00:00:00.000Z,Listed for rent,2022-06-02T00:00:00.000Z,Sold,1145,1450,https://www.zillow.com/homedetails/1405-Appalachain-Dr-Conway-AR-72034/35730407_zpid/
3,0,/homedetails/1250-Cumulus-Dr-Conway-AR-72034/242831_zpid/,FOR_RENT,470000,"1250 Cumulus Dr, Conway, AR 72034",1250 Cumulus Dr,1350,2026-08-03T00:00:00.000Z,Listed for rent,2015-03-27T00:00:00.000Z,Sold,,,,,,,,,,,,,,,,,,,,,2006-10-25T00:00:00.000Z,Sold,,,,,,,,,,,,,,,,,,,,,,,,,,,,,,,1068,1350,https://www.zillow.com/homedetails/1250-Cumulus-Dr-Conway-AR-72034/242831_zpid/
3,1,/homedetails/860-Davis-St-Conway-AR-72034/237520_zpid/,FOR_RENT,255000,"860 Davis St, Conway, AR 72034",860 Davis St,2500,2026-08-01T00:00:00.000Z,Listed for rent,2026-01-15T00:00:00.000Z,Listing removed,,,,,,,,,,,,,,,,,,,,,2025-12-19T00:00:00.000Z,Listed for rent,,,,,,,,,,,,,,,,,2022-04-27T00:00:00.000Z,Sold,2022-04-04T00:00:00.000Z,Listed for sale,2007-09-11T00:00:00.000Z,Sold,2005-06-27T00:00:00.000Z,Sold,2002-08-30T00:00:00.000Z,Sold,,,,,1649,2500,https://www.zillow.com/homedetails/860-Davis-St-Conway-AR-72034/237520_zpid/
3,6,/homedetails/382-Highway-285-N-Greenbrier-AR-72058/2060559969_zpid/,FOR_RENT,,"382 Highway 285 N, Greenbrier, AR 72058",382 Highway 285 N,1300,2026-07-28T00:00:00.000Z,Price change,2022-12-01T00:00:00.000Z,Listed for rent,,,,,,,,,,,,,,,,,,,,,,,,,,,,,,,,,,,,,,,,,,,,,,,,,,,,,1300,1300,https://www.zillow.com/homedetails/382-Highway-285-N-Greenbrier-AR-72058/2060559969_zpid/
3,11,/homedetails/115-Beckett-Mountain-Rd-Mount-Vernon-AR-72111/305852421_zpid/,FOR_RENT,129000,"115 Beckett Mountain Rd, Mount Vernon, AR 72111",115 Beckett Mountain Rd,2500,2026-07-22T00:00:00.000Z,Listed for rent,2006-01-09T00:00:00.000Z,Sold,,,,,,,,,,,,,,,,,,,,,2005-10-25T00:00:00.000Z,Sold,,,,,,,,,,,,,,,,,,,,,,,,,,,,,,,2619,2500,https://www.zillow.com/homedetails/115-Beckett-Mountain-Rd-Mount-Vernon-AR-72111/305852421_zpid/
3,2,/homedetails/1716-College-Ave-Conway-AR-72034/2088717945_zpid/,FOR_RENT,,"1716 College Ave, Conway, AR 72034",1716 College Ave,1400,2026-07-31T00:00:00.000Z,Listed for rent,2021-03-24T00:00:00.000Z,Listing removed,,,,,,,,,,,,,,,,,,,,,2019-12-08T00:00:00.000Z,Listing removed,,,,,,,,,,,,,,,,,2019-11-13T00:00:00.000Z,Price change,2019-09-30T00:00:00.000Z,Listed for rent,2019-07-11T00:00:00.000Z,Listing removed,2019-05-17T00:00:00.000Z,Listed for rent,2018-08-14T00:00:00.000Z,Listing removed,2018-08-10T00:00:00.000Z,Price change,2018-07-09T00:00:00.000Z,Listed for rent,1300,1400,https://www.zillow.com/homedetails/1716-College-Ave-Conway-AR-72034/2088717945_zpid/
3,31,/homedetails/2750-Bowman-Ln-Conway-AR-72034/241246_zpid/,FOR_RENT,255000,"2750 Bowman Ln, Conway, AR 72034",2750 Bowman Ln,1650,2026-07-17T00:00:00.000Z,Price change,2026-07-03T00:00:00.000Z,Listed for rent,,,,,,,,,,,,,,,,,,,,,2023-12-20T00:00:00.000Z,Listing removed,,,,,,,,,,,,,,,,,2023-11-30T00:00:00.000Z,Price change,2023-11-04T00:00:00.000Z,Listed for rent,2014-07-02T00:00:00.000Z,Sold,2007-07-18T00:00:00.000Z,Sold,1994-06-06T00:00:00.000Z,Sold,,,,,1668,1650,https://www.zillow.com/homedetails/2750-Bowman-Ln-Conway-AR-72034/241246_zpid/
3,11,/homedetails/18-Ledrick-Cir-Mayflower-AR-72106/464066466_zpid/,FOR_RENT,,"18 Ledrick Cir, Mayflower, AR 72106",18 Ledrick Cir,1650,2026-07-23T00:00:00.000Z,Listed for rent,,,,,,,,,,,,,,,,,,,,,,,,,,,,,,,,,,,,,,,,,,,,,,,,,,,,,,,1300,1650,https://www.zillow.com/homedetails/18-Ledrick-Cir-Mayflower-AR-72106/464066466_zpid/
3,15,/homedetails/8-Cemetery-Rd-Vilonia-AR-72173/305836626_zpid/,FOR_RENT,,"8 Cemetery Rd, Vilonia, AR 72173",8 Cemetery Rd,1500,2026-07-18T00:00:00.000Z,Listed for rent,,,,,,,,,,,,,,,,,,,,,,,,,,,,,,,,,,,,,,,,,,,,,,,,,,,,,,,1500,1500,https://www.zillow.com/homedetails/8-Cemetery-Rd-Vilonia-AR-72173/305836626_zpid/
3,4,/homedetails/1125-Trenton-Dr-Conway-AR-72034/35729992_zpid/,FOR_RENT,114000,"1125 Trenton Dr, Conway, AR 72034",1125 Trenton Dr,1500,2026-07-30T00:00:00.000Z,Listed for rent,2025-08-21T00:00:00.000Z,Listing removed,,,,,,,,,,,,,,,,,,,,,2025-08-17T00:00:00.000Z,Listed for rent,,,,,,,,,,,,,,,,,2022-05-04T00:00:00.000Z,Listing removed,2022-04-16T00:00:00.000Z,Listed for rent,2007-10-05T00:00:00.000Z,Sold,2003-06-17T00:00:00.000Z,Sold,,,,,,,1228,1500,https://www.zillow.com/homedetails/1125-Trenton-Dr-Conway-AR-72034/35729992_zpid/
3,9,/homedetails/2-Hawthorne-Dr-Conway-AR-72034/237001_zpid/,FOR_RENT,102000,"2 Hawthorne Dr, Conway, AR 72034",2 Hawthorne Dr,1800,2026-07-24T00:00:00.000Z,Listed for rent,2014-07-29T00:00:00.000Z,Sold,,,,,,,,,,,,,,,,,,,,,2014-05-16T00:00:00.000Z,Price change,,,,,,,,,,,,,,,,,2014-02-28T00:00:00.000Z,Listed for sale,2014-01-01T00:00:00.000Z,Listing removed,2013-10-29T00:00:00.000Z,Price change,2013-10-04T00:00:00.000Z,Price change,2013-08-08T00:00:00.000Z,Listed for sale,2011-08-31T00:00:00.000Z,Sold,,,1408,1800,https://www.zillow.com/homedetails/2-Hawthorne-Dr-Conway-AR-72034/237001_zpid/
3,13,/homedetails/5-Valmont-St-Greenbrier-AR-72058/71715127_zpid/,FOR_RENT,140000,"5 Valmont St, Greenbrier, AR 72058",5 Valmont St,1500,2026-07-20T00:00:00.000Z,Listed for rent,2024-06-04T00:00:00.000Z,Listing removed,2018-12-28T00:00:00.000Z,Listed for rent,2018-10-15T00:00:00.000Z,Sold,2018-09-17T00:00:00.000Z,Listed for sale,2006-10-16T00:00:00.000Z,Sold,,,,,,,,,,,,,2024-05-16T00:00:00.000Z,Price change,,,,,,,,,,,,,,,,,2024-05-08T00:00:00.000Z,Listed for rent,2023-09-23T00:00:00.000Z,Listing removed,2023-09-01T00:00:00.000Z,Listed for rent,2021-03-24T00:00:00.000Z,Listing removed,2019-10-23T00:00:00.000Z,Listing removed,2019-10-02T00:00:00.000Z,Listed for rent,2019-01-23T00:00:00.000Z,Listing removed,1750,1500,https://www.zillow.com/homedetails/5-Valmont-St-Greenbrier-AR-72058/71715127_zpid/
3,19,/homedetails/Conway-AR-72034/59918018_zpid/,FOR_RENT,164000,"(Undisclosed Address), Conway, AR 72034",(Undisclosed Address),1600,2026-07-15T00:00:00.000Z,Listed for rent,2020-08-14T00:00:00.000Z,Sold,,,,,,,,,,,,,,,,,,,,,2020-07-11T00:00:00.000Z,Listed for sale,,,,,,,,,,,,,,,,,2008-11-19T00:00:00.000Z,Sold,,,,,,,,,,,,,1389,1600,https://www.zillow.com/homedetails/Conway-AR-72034/59918018_zpid/
3,17,/homedetails/1845-Arden-Ln-Conway-AR-72034/71714882_zpid/,FOR_RENT,139000,"1845 Arden Ln, Conway, AR 72034",1845 Arden Ln,1650,2026-07-17T00:00:00.000Z,Listed for rent,2024-07-03T00:00:00.000Z,Listing removed,,,,,,,,,,,,,,,,,,,,,2024-06-25T00:00:00.000Z,Listed for rent,,,,,,,,,,,,,,,,,2023-02-27T00:00:00.000Z,Listing removed,2023-02-22T00:00:00.000Z,Listed for rent,2021-01-19T00:00:00.000Z,Listing removed,2021-01-09T00:00:00.000Z,Listed for rent,2020-12-16T00:00:00.000Z,Sold,,,,,1205,1650,https://www.zillow.com/homedetails/1845-Arden-Ln-Conway-AR-72034/71714882_zpid/
3,17,/homedetails/2220-Chase-Dr-Conway-AR-72034/35730147_zpid/,FOR_RENT,141000,"2220 Chase Dr, Conway, AR 72034",2220 Chase Dr,1850,2026-07-16T00:00:00.000Z,Listed for rent,2025-04-11T00:00:00.000Z,Listing removed,2006-02-08T00:00:00.000Z,Sold,,,,,,,,,,,,,,,,,,,2025-04-06T00:00:00.000Z,Listed for rent,,,,,,,,,,,,,,,,,2025-03-29T00:00:00.000Z,Listing removed,2025-01-19T00:00:00.000Z,Price change,2025-01-18T00:00:00.000Z,Listed for rent,2012-10-25T00:00:00.000Z,Sold,2011-08-25T00:00:00.000Z,Sold,2009-07-29T00:00:00.000Z,Sold,2009-04-13T00:00:00.000Z,Sold,1582,1850,https://www.zillow.com/homedetails/2220-Chase-Dr-Conway-AR-72034/35730147_zpid/
3,32,/homedetails/535-Milam-Dr-Conway-AR-72032/235059_zpid/,FOR_RENT,75000,"535 Milam Dr, Conway, AR 72032",535 Milam Dr,1700,2026-07-01T00:00:00.000Z,Listed for rent,2023-09-14T00:00:00.000Z,Listing removed,2019-02-18T00:00:00.000Z,Listed for rent,2014-04-08T00:00:00.000Z,Listing removed,2014-03-16T00:00:00.000Z,Price change,2014-02-22T00:00:00.000Z,Price change,2014-02-20T00:00:00.000Z,Price change,2014-01-11T00:00:00.000Z,Listed for sale,2013-10-15T00:00:00.000Z,Sold,2013-07-18T00:00:00.000Z,Price change,2013-06-16T00:00:00.000Z,Listed for sale,,,2023-08-25T00:00:00.000Z,Listed for rent,,,,,,,,,,,,,,,,,2023-08-04T00:00:00.000Z,Listing removed,2023-08-02T00:00:00.000Z,Listed for rent,2023-07-24T00:00:00.000Z,Listing removed,2023-07-20T00:00:00.000Z,Listed for rent,2021-03-24T00:00:00.000Z,Listing removed,2019-03-11T00:00:00.000Z,Listing removed,2019-02-25T00:00:00.000Z,Price change,1824,1700,https://www.zillow.com/homedetails/535-Milam-Dr-Conway-AR-72032/235059_zpid/
3,58,/homedetails/3020-Beechwood-Dr-Conway-AR-72032/251479599_zpid/,FOR_RENT,184000,"3020 Beechwood Dr, Conway, AR 72032",3020 Beechwood Dr,1500,2026-06-06T00:00:00.000Z,Listed for rent,2023-06-10T00:00:00.000Z,Listing removed,2017-10-13T00:00:00.000Z,Sold,,,,,,,,,,,,,,,,,,,2023-05-15T00:00:00.000Z,Listed for rent,,,,,,,,,,,,,,,,,2022-08-16T00:00:00.000Z,Sold,2022-07-13T00:00:00.000Z,Contingent,2022-07-11T00:00:00.000Z,Price change,2022-07-05T00:00:00.000Z,Listed for sale,2021-07-02T00:00:00.000Z,Sold,2021-05-30T00:00:00.000Z,Contingent,2021-05-27T00:00:00.000Z,Listed for sale,1289,1500,https://www.zillow.com/homedetails/3020-Beechwood-Dr-Conway-AR-72032/251479599_zpid/
3,10,/homedetails/3420-Bentonville-Dr-Conway-AR-72032/82249372_zpid/,FOR_RENT,158000,"3420 Bentonville Dr, Conway, AR 72032",3420 Bentonville Dr,1400,2026-07-23T00:00:00.000Z,Listed for rent,2026-02-13T00:00:00.000Z,Sold,,,,,,,,,,,,,,,,,,,,,2026-01-07T00:00:00.000Z,Pending sale,,,,,,,,,,,,,,,,,2026-01-06T00:00:00.000Z,Contingent,2025-11-24T00:00:00.000Z,Listed for sale,2019-04-28T00:00:00.000Z,Sold,2019-03-14T00:00:00.000Z,Listed for sale,2015-06-03T00:00:00.000Z,Sold,2008-05-27T00:00:00.000Z,Sold,2007-05-31T00:00:00.000Z,Sold,,1400,https://www.zillow.com/homedetails/3420-Bentonville-Dr-Conway-AR-72032/82249372_zpid/
4,20,/homedetails/206-Churchill-Dr-Kings-Mountain-NC-28086/336757347_zpid/,FOR_RENT,218000,"206 Churchill Dr, Kings Mountain, NC 28086",206 Churchill Dr,2099,2026-07-14T00:00:00.000Z,Listed for rent,2025-08-22T00:00:00.000Z,Listing removed,2025-03-19T00:00:00.000Z,Price change,2025-02-26T00:00:00.000Z,Listed for rent,2023-03-17T00:00:00.000Z,Listing removed,2023-03-09T00:00:00.000Z,Price change,2023-03-01T00:00:00.000Z,Price change,2023-01-26T00:00:00.000Z,Price change,2023-01-21T00:00:00.000Z,Price change,2023-01-11T00:00:00.000Z,Listed for rent,2022-11-10T00:00:00.000Z,Sold,2022-10-18T00:00:00.000Z,Pending sale,2025-08-20T00:00:00.000Z,Price change,2020-10-01T00:00:00.000Z,Sold,,,,,,,,,,,,,,,2025-08-13T00:00:00.000Z,Price change,2025-08-06T00:00:00.000Z,Price change,2025-08-02T00:00:00.000Z,Price change,2025-07-29T00:00:00.000Z,Price change,2025-07-23T00:00:00.000Z,Listed for rent,2025-03-26T00:00:00.000Z,Listing removed,2025-03-26T00:00:00.000Z,Price change,1710,2099,https://www.zillow.com/homedetails/206-Churchill-Dr-Kings-Mountain-NC-28086/336757347_zpid/
3,12,/homedetails/Kings-Mountain-NC-28086/93014355_zpid/,FOR_RENT,350000,"(Undisclosed Address), Kings Mountain, NC 28086",(Undisclosed Address),2400,2026-07-23T00:00:00.000Z,Price change,2026-07-22T00:00:00.000Z,Listed for rent,2009-04-24T00:00:00.000Z,Sold,,,,,,,,,,,,,,,,,,,2024-12-03T00:00:00.000Z,Sold,,,,,,,,,,,,,,,,,2024-10-31T00:00:00.000Z,Pending sale,2024-10-22T00:00:00.000Z,Price change,2024-10-04T00:00:00.000Z,Price change,2024-09-21T00:00:00.000Z,Listed for sale,2018-04-06T00:00:00.000Z,Sold,2018-03-05T00:00:00.000Z,Pending sale,2018-03-03T00:00:00.000Z,Listed for sale,1573,2400,https://www.zillow.com/homedetails/Kings-Mountain-NC-28086/93014355_zpid/
5,17,/homedetails/231-Brinkley-Dr-Kings-Mountain-NC-28086/349365612_zpid/,FOR_RENT,332000,"231 Brinkley Dr, Kings Mountain, NC 28086",231 Brinkley Dr,2995,2026-07-16T00:00:00.000Z,Listed for rent,2026-07-10T00:00:00.000Z,Sold,2024-07-09T00:00:00.000Z,Price change,2024-05-07T00:00:00.000Z,Price change,2024-05-04T00:00:00.000Z,Listed for sale,,,,,,,,,,,,,,,2026-05-14T00:00:00.000Z,Listed for sale,,,,,,,,,,,,,,,,,2026-05-10T00:00:00.000Z,Listing removed,2026-03-03T00:00:00.000Z,Price change,2026-02-05T00:00:00.000Z,Price change,2025-11-06T00:00:00.000Z,Listed for sale,2024-10-25T00:00:00.000Z,Sold,2024-08-21T00:00:00.000Z,Price change,2024-08-14T00:00:00.000Z,Price change,2400,2995,https://www.zillow.com/homedetails/231-Brinkley-Dr-Kings-Mountain-NC-28086/349365612_zpid/
3,72,/homedetails/2034-Shelby-Rd-Kings-Mountain-NC-28086/93001483_zpid/,FOR_RENT,,"2034 Shelby Rd, Kings Mountain, NC 28086",2034 Shelby Rd,1250,2026-05-23T00:00:00.000Z,Listed for rent,2025-11-06T00:00:00.000Z,Listing removed,,,,,,,,,,,,,,,,,,,,,2025-10-06T00:00:00.000Z,Listed for rent,,,,,,,,,,,,,,,,,2025-06-28T00:00:00.000Z,Listing removed,2025-06-25T00:00:00.000Z,Listed for rent,,,,,,,,,,,910,1250,https://www.zillow.com/homedetails/2034-Shelby-Rd-Kings-Mountain-NC-28086/93001483_zpid/
3,3,/homedetails/203-Logan-Dr-Maumelle-AR-72113/2057186362_zpid/,FOR_RENT,,"203 Logan Dr, Maumelle, AR 72113",203 Logan Dr,1830,2026-07-31T00:00:00.000Z,Listed for rent,2024-08-27T00:00:00.000Z,Listing removed,,,,,,,,,,,,,,,,,,,,,2024-08-01T00:00:00.000Z,Listed for rent,,,,,,,,,,,,,,,,,2023-06-19T00:00:00.000Z,Listing removed,2023-06-10T00:00:00.000Z,Listed for rent,,,,,,,,,,,1472,1830,https://www.zillow.com/homedetails/203-Logan-Dr-Maumelle-AR-72113/2057186362_zpid/
3,0,/homedetails/310-Scotland-Dr-Kings-Mountain-NC-28086/78287650_zpid/,FOR_RENT,80700,"310 Scotland Dr, Kings Mountain, NC 28086",310 Scotland Dr,1650,2026-08-03T00:00:00.000Z,Listed for rent,2017-07-04T00:00:00.000Z,Listing removed,,,,,,,,,,,,,,,,,,,,,2017-06-24T00:00:00.000Z,Listed for rent,,,,,,,,,,,,,,,,,2013-11-10T00:00:00.000Z,Listing removed,2013-10-30T00:00:00.000Z,Listed for rent,2013-07-29T00:00:00.000Z,Sold,2013-05-06T00:00:00.000Z,Sold,,,,,,,1487,1650,https://www.zillow.com/homedetails/310-Scotland-Dr-Kings-Mountain-NC-28086/78287650_zpid/
5,17,/homedetails/15-Piney-Cove-Mnr-Maumelle-AR-72113/327022_zpid/,FOR_RENT,21000,"15 Piney Cove Mnr, Maumelle, AR 72113",15 Piney Cove Mnr,2495,2026-07-17T00:00:00.000Z,Listed for rent,2025-10-08T00:00:00.000Z,Listing removed,,,,,,,,,,,,,,,,,,,,,2025-09-29T00:00:00.000Z,Price change,,,,,,,,,,,,,,,,,2025-09-23T00:00:00.000Z,Listed for rent,2013-04-30T00:00:00.000Z,Sold,1989-11-01T00:00:00.000Z,Sold,,,,,,,,,2407,2495,https://www.zillow.com/homedetails/15-Piney-Cove-Mnr-Maumelle-AR-72113/327022_zpid/
3,58,/homedetails/203-Benfield-Rd-Kings-Mountain-NC-28086/446679273_zpid/,FOR_RENT,265000,"203 Benfield Rd, Kings Mountain, NC 28086",203 Benfield Rd,1850,2026-07-09T00:00:00.000Z,Price change,2026-06-06T00:00:00.000Z,Listed for rent,,,,,,,,,,,,,,,,,,,,,2025-04-02T00:00:00.000Z,Sold,,,,,,,,,,,,,,,,,2025-02-26T00:00:00.000Z,Price change,2025-01-29T00:00:00.000Z,Listed for sale,,,,,,,,,,,1530,1850,https://www.zillow.com/homedetails/203-Benfield-Rd-Kings-Mountain-NC-28086/446679273_zpid/
2,34,/homedetails/7-Southland-Dr-Maumelle-AR-72113/2109744736_zpid/,FOR_RENT,,"7 Southland Dr, Maumelle, AR 72113",7 Southland Dr,850,2026-06-30T00:00:00.000Z,Listed for rent,2018-07-15T00:00:00.000Z,Listing removed,,,,,,,,,,,,,,,,,,,,,2018-06-28T00:00:00.000Z,Listed for rent,,,,,,,,,,,,,,,,,2016-06-28T00:00:00.000Z,Listing removed,2014-12-12T00:00:00.000Z,Listing removed,2014-07-29T00:00:00.000Z,Listed for rent,2013-12-30T00:00:00.000Z,Listing removed,2013-11-27T00:00:00.000Z,Listed for rent,,,,,925,850,https://www.zillow.com/homedetails/7-Southland-Dr-Maumelle-AR-72113/2109744736_zpid/
3,32,/homedetails/10413-Cypress-Knee-Dr-Maumelle-AR-72113/2060938533_zpid/,FOR_RENT,,"10413 Cypress Knee Dr, Maumelle, AR 72113",10413 Cypress Knee Dr,1800,2026-07-01T00:00:00.000Z,Listed for rent,2025-04-22T00:00:00.000Z,Listing removed,,,,,,,,,,,,,,,,,,,,,2025-04-04T00:00:00.000Z,Listed for rent,,,,,,,,,,,,,,,,,2022-11-13T00:00:00.000Z,Listing removed,2022-10-25T00:00:00.000Z,Listed for rent,,,,,,,,,,,1480,1800,https://www.zillow.com/homedetails/10413-Cypress-Knee-Dr-Maumelle-AR-72113/2060938533_zpid/
3,30,/homedetails/61-Pin-Oak-Loop-Maumelle-AR-72113/326810_zpid/,FOR_RENT,175000,"61 Pin Oak Loop, Maumelle, AR 72113",61 Pin Oak Loop,1550,2026-07-03T00:00:00.000Z,Listed for rent,2024-04-25T00:00:00.000Z,Listing removed,2018-03-07T00:00:00.000Z,Price change,2018-02-07T00:00:00.000Z,Listed for sale,2017-06-08T00:00:00.000Z,Listing removed,2017-05-10T00:00:00.000Z,Listed for sale,2014-05-05T00:00:00.000Z,Sold,2011-07-04T00:00:00.000Z,Listing removed,2011-06-09T00:00:00.000Z,Listed for sale,2006-08-02T00:00:00.000Z,Sold,2003-05-01T00:00:00.000Z,Sold,2000-09-22T00:00:00.000Z,Sold,2024-04-09T00:00:00.000Z,Listed for rent,,,,,,,,,,,,,,,,,2023-02-09T00:00:00.000Z,Listing removed,2022-12-28T00:00:00.000Z,Price change,2022-10-26T00:00:00.000Z,Listed for rent,2022-09-30T00:00:00.000Z,Sold,2022-08-28T00:00:00.000Z,Contingent,2022-08-26T00:00:00.000Z,Listed for sale,2018-04-24T00:00:00.000Z,Sold,1173,1550,https://www.zillow.com/homedetails/61-Pin-Oak-Loop-Maumelle-AR-72113/326810_zpid/
3,26,/homedetails/117-Logan-Dr-Maumelle-AR-72113/2057186355_zpid/,FOR_RENT,,"117 Logan Dr, Maumelle, AR 72113",117 Logan Dr,1835,2026-07-07T00:00:00.000Z,Listed for rent,2023-07-30T00:00:00.000Z,Listing removed,,,,,,,,,,,,,,,,,,,,,2023-07-29T00:00:00.000Z,Listed for rent,,,,,,,,,,,,,,,,,2023-07-29T00:00:00.000Z,Listing removed,2023-06-10T00:00:00.000Z,Listed for rent,,,,,,,,,,,1472,1835,https://www.zillow.com/homedetails/117-Logan-Dr-Maumelle-AR-72113/2057186355_zpid/
4,27,/homedetails/124-Im-Dr-Maumelle-AR-72113/2056969175_zpid/,FOR_RENT,222925,"124 Im Dr, Maumelle, AR 72113",124 Im Dr,1950,2026-07-06T00:00:00.000Z,Listed for rent,2025-08-27T00:00:00.000Z,Listing removed,,,,,,,,,,,,,,,,,,,,,2025-07-18T00:00:00.000Z,Listed for rent,,,,,,,,,,,,,,,,,2024-08-21T00:00:00.000Z,Listing removed,2024-07-30T00:00:00.000Z,Listed for rent,2023-09-26T00:00:00.000Z,Sold,,,,,,,,,1500,1950,https://www.zillow.com/homedetails/124-Im-Dr-Maumelle-AR-72113/2056969175_zpid/
4,10,/homedetails/127-Chambery-Dr-Maumelle-AR-72113/122006196_zpid/,FOR_RENT,,"127 Chambery Dr, Maumelle, AR 72113",127 Chambery Dr,2400,2026-07-24T00:00:00.000Z,Listed for rent,2019-06-07T00:00:00.000Z,Listing removed,,,,,,,,,,,,,,,,,,,,,2019-03-21T00:00:00.000Z,Price change,,,,,,,,,,,,,,,,,2019-02-14T00:00:00.000Z,Listed for rent,2017-11-15T00:00:00.000Z,Listing removed,2017-08-30T00:00:00.000Z,Price change,2017-08-08T00:00:00.000Z,Price change,2017-04-27T00:00:00.000Z,Listed for rent,,,,,1651,2400,https://www.zillow.com/homedetails/127-Chambery-Dr-Maumelle-AR-72113/122006196_zpid/
3,25,/homedetails/1343-S-Battleground-Ave-Kings-Mountain-NC-28086/78285925_zpid/,FOR_RENT,995000,"1343 S Battleground Ave, Kings Mountain, NC 28086",1343 S Battleground Ave,2400,2026-07-10T00:00:00.000Z,Listed for rent,2023-09-02T00:00:00.000Z,Listing removed,2022-03-30T00:00:00.000Z,Sold,2022-02-17T00:00:00.000Z,Pending sale,2022-02-16T00:00:00.000Z,Contingent,2022-02-15T00:00:00.000Z,Listed for sale,2021-11-16T00:00:00.000Z,Contingent,2021-11-06T00:00:00.000Z,Pending sale,2021-11-06T00:00:00.000Z,Contingent,2021-08-15T00:00:00.000Z,Listed for sale,,,,,2023-08-28T00:00:00.000Z,Listed for rent,,,,,,,,,,,,,,,,,2023-08-05T00:00:00.000Z,Listing removed,2023-08-04T00:00:00.000Z,Price change,2023-08-01T00:00:00.000Z,Listed for rent,2022-10-25T00:00:00.000Z,Listing removed,2022-09-08T00:00:00.000Z,Listed for rent,2022-07-22T00:00:00.000Z,Listing removed,2022-07-17T00:00:00.000Z,Listed for rent,1724,2400,https://www.zillow.com/homedetails/1343-S-Battleground-Ave-Kings-Mountain-NC-28086/78285925_zpid/
3,19,/homedetails/80-Garden-Oaks-Dr-Maumelle-AR-72113/326252_zpid/,FOR_RENT,139900,"80 Garden Oaks Dr, Maumelle, AR 72113",80 Garden Oaks Dr,1650,2026-07-14T00:00:00.000Z,Listed for rent,2025-02-18T00:00:00.000Z,Listing removed,2014-07-14T00:00:00.000Z,Sold,2014-06-05T00:00:00.000Z,Price change,2014-04-25T00:00:00.000Z,Listed for sale,2014-01-29T00:00:00.000Z,Sold,2013-07-19T00:00:00.000Z,Sold,1997-10-13T00:00:00.000Z,Sold,,,,,,,,,2025-01-20T00:00:00.000Z,Listed for rent,,,,,,,,,,,,,,,,,2024-02-15T00:00:00.000Z,Listing removed,2024-01-18T00:00:00.000Z,Listed for rent,2021-02-23T00:00:00.000Z,Listing removed,2020-06-27T00:00:00.000Z,Listing removed,2020-06-21T00:00:00.000Z,Listed for rent,2014-10-28T00:00:00.000Z,Listing removed,2014-10-17T00:00:00.000Z,Sold,1300,1650,https://www.zillow.com/homedetails/80-Garden-Oaks-Dr-Maumelle-AR-72113/326252_zpid/
4,4,/homedetails/15-Iris-Cv-Maumelle-AR-72113/327989_zpid/,FOR_RENT,380000,"15 Iris Cv, Maumelle, AR 72113",15 Iris Cv,3000,2026-07-30T00:00:00.000Z,Listed for rent,2026-07-24T00:00:00.000Z,Sold,2001-04-05T00:00:00.000Z,Sold,,,,,,,,,,,,,,,,,,,2026-05-22T00:00:00.000Z,Listed for sale,,,,,,,,,,,,,,,,,2019-02-06T00:00:00.000Z,Sold,2019-01-22T00:00:00.000Z,Pending sale,2018-12-01T00:00:00.000Z,Price change,2018-10-03T00:00:00.000Z,Price change,2018-06-15T00:00:00.000Z,Listed for sale,2015-06-26T00:00:00.000Z,Sold,2002-05-24T00:00:00.000Z,Sold,2320,3000,https://www.zillow.com/homedetails/15-Iris-Cv-Maumelle-AR-72113/327989_zpid/
4,10,/homedetails/136-Chambery-Dr-Maumelle-AR-72113/122005734_zpid/,FOR_RENT,,"136 Chambery Dr, Maumelle, AR 72113",136 Chambery Dr,2400,2026-07-24T00:00:00.000Z,Listed for rent,2018-04-13T00:00:00.000Z,Listing removed,,,,,,,,,,,,,,,,,,,,,2018-03-27T00:00:00.000Z,Listed for rent,,,,,,,,,,,,,,,,,2018-01-22T00:00:00.000Z,Listing removed,2017-12-29T00:00:00.000Z,Listed for rent,2017-03-30T00:00:00.000Z,Listing removed,2017-01-27T00:00:00.000Z,Listed for sale,,,,,,,1651,2400,https://www.zillow.com/homedetails/136-Chambery-Dr-Maumelle-AR-72113/122005734_zpid/
3,32,/homedetails/7400-Fairplay-Rd-Benton-AR-72019/92431960_zpid/,FOR_RENT,,"7400 Fairplay Rd, Benton, AR 72019",7400 Fairplay Rd,2900,2026-07-01T00:00:00.000Z,Price change,2026-06-11T00:00:00.000Z,Price change,,,,,,,,,,,,,,,,,,,,,2026-05-26T00:00:00.000Z,Listed for rent,,,,,,,,,,,,,,,,,,,,,,,,,,,,,,,3108,2900,https://www.zillow.com/homedetails/7400-Fairplay-Rd-Benton-AR-72019/92431960_zpid/
2,27,/homedetails/9706-Elderberry-Trl-Maumelle-AR-72113/453342131_zpid/,FOR_RENT,,"9706 Elderberry Trl, Maumelle, AR 72113",9706 Elderberry Trl,800,2026-07-07T00:00:00.000Z,Listed for rent,,,,,,,,,,,,,,,,,,,,,,,,,,,,,,,,,,,,,,,,,,,,,,,,,,,,,,,868,800,https://www.zillow.com/homedetails/9706-Elderberry-Trl-Maumelle-AR-72113/453342131_zpid/
3,13,/homedetails/6110-Petit-Jean-Dr-Shannon-Hills-AR-72103/71716883_zpid/,FOR_RENT,,"6110 Petit Jean Dr, Shannon Hills, AR 72103",6110 Petit Jean Dr,1495,2026-07-21T00:00:00.000Z,Listed for rent,2021-11-22T00:00:00.000Z,Listing removed,2013-11-19T00:00:00.000Z,Listed for sale,,,,,,,,,,,,,,,,,,,2021-07-12T00:00:00.000Z,Listed for rent,,,,,,,,,,,,,,,,,2019-06-28T00:00:00.000Z,Listing removed,2019-04-10T00:00:00.000Z,Listed for rent,2017-10-28T00:00:00.000Z,Listing removed,2017-09-21T00:00:00.000Z,Listed for rent,2014-01-07T00:00:00.000Z,Listing removed,2013-12-20T00:00:00.000Z,Listing removed,2013-12-10T00:00:00.000Z,Listed for rent,1504,1495,https://www.zillow.com/homedetails/6110-Petit-Jean-Dr-Shannon-Hills-AR-72103/71716883_zpid/
3,11,/homedetails/2717-Timbermist-Dr-Benton-AR-72015/386808_zpid/,FOR_RENT,165000,"2717 Timbermist Dr, Benton, AR 72015",2717 Timbermist Dr,1650,2026-07-23T00:00:00.000Z,Listed for rent,2025-07-18T00:00:00.000Z,Listing removed,2015-06-16T00:00:00.000Z,Listing removed,2015-03-07T00:00:00.000Z,Listed for sale,2010-05-12T00:00:00.000Z,Sold,2009-09-06T00:00:00.000Z,Listing removed,2009-08-21T00:00:00.000Z,Listed for sale,,,,,,,,,,,2025-07-08T00:00:00.000Z,Listed for rent,,,,,,,,,,,,,,,,,2025-05-12T00:00:00.000Z,Sold,2021-03-24T00:00:00.000Z,Listing removed,2016-06-11T00:00:00.000Z,Listing removed,2016-06-11T00:00:00.000Z,Listed for sale,2016-06-09T00:00:00.000Z,Sold,2016-04-26T00:00:00.000Z,Pending sale,2015-11-21T00:00:00.000Z,Listed for sale,1413,1650,https://www.zillow.com/homedetails/2717-Timbermist-Dr-Benton-AR-72015/386808_zpid/
3,24,/homedetails/127-Rachel-Cv-Haskell-AR-72015/92428814_zpid/,FOR_RENT,,"127 Rachel Cv, Haskell, AR 72015",127 Rachel Cv,1200,2026-07-10T00:00:00.000Z,Listed for rent,2025-01-29T00:00:00.000Z,Listing removed,,,,,,,,,,,,,,,,,,,,,2025-01-07T00:00:00.000Z,Listed for rent,,,,,,,,,,,,,,,,,2024-12-13T00:00:00.000Z,Listing removed,2024-10-22T00:00:00.000Z,Listed for rent,,,,,,,,,,,1456,1200,https://www.zillow.com/homedetails/127-Rachel-Cv-Haskell-AR-72015/92428814_zpid/
3,83,/homedetails/120-Butterfield-Xing-Haskell-AR-72015/88907708_zpid/,FOR_RENT,99200,"120 Butterfield Xing, Haskell, AR 72015",120 Butterfield Xing,1400,2026-07-29T00:00:00.000Z,Price change,2026-06-30T00:00:00.000Z,Price change,2023-04-24T00:00:00.000Z,Price change,2023-04-05T00:00:00.000Z,Listed for rent,2017-06-21T00:00:00.000Z,Sold,2009-12-21T00:00:00.000Z,Sold,,,,,,,,,,,,,2026-05-11T00:00:00.000Z,Listed for rent,,,,,,,,,,,,,,,,,2026-04-30T00:00:00.000Z,Listing removed,2026-04-01T00:00:00.000Z,Listed for rent,2024-12-07T00:00:00.000Z,Listing removed,2024-11-25T00:00:00.000Z,Listed for rent,2024-11-12T00:00:00.000Z,Listing removed,2024-10-09T00:00:00.000Z,Listed for rent,2023-05-18T00:00:00.000Z,Listing removed,1250,1400,https://www.zillow.com/homedetails/120-Butterfield-Xing-Haskell-AR-72015/88907708_zpid/
5,95,/homedetails/121-Pleasant-Pointe-Dr-Hickory-NC-28601/113748345_zpid/,FOR_RENT,1345000,"121 Pleasant Pointe Dr, Hickory, NC 28601",121 Pleasant Pointe Dr,6500,2026-07-01T00:00:00.000Z,Price change,2026-06-30T00:00:00.000Z,Sold,,,,,,,,,,,,,,,,,,,,,2026-05-27T00:00:00.000Z,Price change,,,,,,,,,,,,,,,,,2026-04-29T00:00:00.000Z,Listed for rent,2026-03-09T00:00:00.000Z,Price change,2026-02-25T00:00:00.000Z,Price change,2026-01-18T00:00:00.000Z,Price change,2025-12-06T00:00:00.000Z,Listed for sale,2015-02-27T00:00:00.000Z,Sold,2014-05-20T00:00:00.000Z,Listed for sale,4160,6500,https://www.zillow.com/homedetails/121-Pleasant-Pointe-Dr-Hickory-NC-28601/113748345_zpid/
3,54,/homedetails/104-10th-Ave-SE-Hickory-NC-28602/71959215_zpid/,FOR_RENT,420000,"104 10th Ave SE, Hickory, NC 28602",104 10th Ave SE,1595,2026-06-09T00:00:00.000Z,Listed for rent,2025-12-17T00:00:00.000Z,Sold,,,,,,,,,,,,,,,,,,,,,2025-10-09T00:00:00.000Z,Listed for sale,,,,,,,,,,,,,,,,,2024-12-30T00:00:00.000Z,Sold,2024-11-05T00:00:00.000Z,Listed for sale,2015-02-28T00:00:00.000Z,Listing removed,2015-02-20T00:00:00.000Z,Price change,2015-02-04T00:00:00.000Z,Listed for sale,,,,,1333,1595,https://www.zillow.com/homedetails/104-10th-Ave-SE-Hickory-NC-28602/71959215_zpid/
4,26,/homedetails/1361-37th-Avenue-Ln-NE-Hickory-NC-28601/455076115_zpid/,FOR_RENT,,"1361 37th Avenue Ln NE, Hickory, NC 28601",1361 37th Avenue Ln NE,2400,2026-07-08T00:00:00.000Z,Listed for rent,2026-06-26T00:00:00.000Z,Listing removed,2025-07-16T00:00:00.000Z,Listed for sale,,,,,,,,,,,,,,,,,,,2026-06-04T00:00:00.000Z,Price change,,,,,,,,,,,,,,,,,2026-05-18T00:00:00.000Z,Listed for rent,2026-04-09T00:00:00.000Z,Listing removed,2026-03-30T00:00:00.000Z,Listed for sale,2026-03-16T00:00:00.000Z,Listing removed,2026-03-03T00:00:00.000Z,Price change,2025-11-18T00:00:00.000Z,Price change,2025-10-21T00:00:00.000Z,Price change,1927,2400,https://www.zillow.com/homedetails/1361-37th-Avenue-Ln-NE-Hickory-NC-28601/455076115_zpid/
3,150,/homedetails/3123-Lori-Lake-Rd-Benton-AR-72019/453026788_zpid/,FOR_RENT,,"3123 Lori Lake Rd, Benton, AR 72019",3123 Lori Lake Rd,1000,2025-06-07T00:00:00.000Z,Listed for rent,,,,,,,,,,,,,,,,,,,,,,,,,,,,,,,,,,,,,,,,,,,,,,,,,,,,,,,1280,1000,https://www.zillow.com/homedetails/3123-Lori-Lake-Rd-Benton-AR-72019/453026788_zpid/
3,21,/homedetails/131-8th-Avenue-Dr-SE-Hickory-NC-28602/71936930_zpid/,FOR_RENT,60000,"131 8th Avenue Dr SE, Hickory, NC 28602",131 8th Avenue Dr SE,1595,2026-07-13T00:00:00.000Z,Listed for rent,2025-10-21T00:00:00.000Z,Sold,,,,,,,,,,,,,,,,,,,,,2018-08-01T00:00:00.000Z,Listing removed,,,,,,,,,,,,,,,,,2018-03-21T00:00:00.000Z,Listed for sale,2018-02-15T00:00:00.000Z,Listing removed,2016-06-03T00:00:00.000Z,Listed for sale,,,,,,,,,1298,1595,https://www.zillow.com/homedetails/131-8th-Avenue-Dr-SE-Hickory-NC-28602/71936930_zpid/
3,34,/homedetails/118-E-Elm-Haskell-St-Benton-AR-72015/2061131914_zpid/,FOR_RENT,,"118 E Elm Haskell St, Benton, AR 72015",118 E Elm Haskell St,1200,2026-06-30T00:00:00.000Z,Listed for rent,2025-05-19T00:00:00.000Z,Listing removed,,,,,,,,,,,,,,,,,,,,,2025-05-02T00:00:00.000Z,Listed for rent,,,,,,,,,,,,,,,,,2023-07-05T00:00:00.000Z,Listing removed,2023-06-15T00:00:00.000Z,Listed for rent,2022-10-20T00:00:00.000Z,Listing removed,2022-10-14T00:00:00.000Z,Listed for rent,,,,,,,1300,1200,https://www.zillow.com/homedetails/118-E-Elm-Haskell-St-Benton-AR-72015/2061131914_zpid/
3,53,/homedetails/2110-24th-St-NE-Hickory-NC-28601/71911952_zpid/,FOR_RENT,100000,"2110 24th St NE, Hickory, NC 28601",2110 24th St NE,1700,2026-05-13T00:00:00.000Z,Price change,2026-02-27T00:00:00.000Z,Listed for rent,,,,,,,,,,,,,,,,,,,,,1994-09-01T00:00:00.000Z,Sold,,,,,,,,,,,,,,,,,,,,,,,,,,,,,,,1248,1700,https://www.zillow.com/homedetails/2110-24th-St-NE-Hickory-NC-28601/71911952_zpid/
3,8,/homedetails/2105-Lookout-Ave-Conway-AR-72034/235105_zpid/,FOR_RENT,40000,"2105 Lookout Ave, Conway, AR 72034",2105 Lookout Ave,1600,2026-07-25T00:00:00.000Z,Listed for rent,2017-05-02T00:00:00.000Z,Sold,,,,,,,,,,,,,,,,,,,,,2013-09-13T00:00:00.000Z,Sold,,,,,,,,,,,,,,,,,2009-07-08T00:00:00.000Z,Sold,2009-04-18T00:00:00.000Z,Listed for sale,,,,,,,,,,,1080,1600,https://www.zillow.com/homedetails/2105-Lookout-Ave-Conway-AR-72034/235105_zpid/
