listingAddress/full,listingAddress/street,listingAddress/city,listingAddress/state,homeStatus,listingStatus,bedrooms,livingArea,price,listingPrice/amount,daysOnZillow,propertyUrl,hdpUrl,bdpUrl,lastSoldPrice,listingPriceHistory/0/date,listingPriceHistory/0/event,listingPriceHistory/1/date,listingPriceHistory/1/event,listingPriceHistory/2/date,listingPriceHistory/2/event,listingPriceHistory/3/date,listingPriceHistory/3/event,listingPriceHistory/4/date,listingPriceHistory/4/event,listingPriceHistory/5/date,listingPriceHistory/5/event
"225 Ebenezer Rd, Kings Mountain, NC 28086",225 Ebenezer Rd,Kings Mountain,NC,,other,,,,,,https://www.zillow.com/apartments/kings-mountain-nc/225-ebenezer-rd-/CqBmQB/,,,,,,,,,,,,,,,
"311 E King St, Kings Mountain, NC 28086",311 E King St,Kings Mountain,NC,,forRent,,,,,,https://www.zillow.com/apartments/kings-mountain-nc/sh368-the-towns-at-kings-mountain/9Pm8gB/,,,,,,,,,,,,,,,
"107 Kings Oak Cir, Kings Mountain, NC 28086",107 Kings Oak Cir,Kings Mountain,NC,,forRent,,,,,,https://www.zillow.com/apartments/kings-mountain-nc/cambridge-oaks-ii-apts/ChKpLx/,,,,,,,,,,,,,,,
"48 Julian St, Kings Mountain, NC 28086",48 Julian St,Kings Mountain,NC,,forRent,,,,,,https://www.zillow.com/apartments/kings-mountain-nc/48-julian-street/5Yrsd5/,,,,,,,,,,,,,,,
"111 Wells St, Kings Mountain, NC 28086",111 Wells St,Kings Mountain,NC,,other,,,,,,https://www.zillow.com/apartments/kings-mountain-nc/111-wells-st/9BMCmy/,,,,,,,,,,,,,,,
"140 W Mountain St, Kings Mountain, NC 28086",140 W Mountain St,Kings Mountain,NC,,forRent,,,,,,https://www.zillow.com/apartments/kings-mountain-nc/140-w-mountain-st/CFTcnh/,,,,,,,,,,,,,,,
"1431 Mammoth Rd, Hickory, NC 28602",1431 Mammoth Rd,Hickory,NC,,forRent,5,2368,,2245,22,https://www.zillow.com/homedetails/1431-Mammoth-Rd-Hickory-NC-28602/455924046_zpid/,,,307679,2026-09-11T00:00:00.000Z,Price change,2026-09-01T00:00:00.000Z,Listed for rent,2026-08-31T00:00:00.000Z,Sold,2026-07-20T00:00:00.000Z,Pending sale,2026-07-14T00:00:00.000Z,Price change,2026-06-30T00:00:00.000Z,Price change
"1423 Mammoth Rd, Hickory, NC 28602",1423 Mammoth Rd,Hickory,NC,,forRent,4,1927,,2095,72,https://www.zillow.com/homedetails/1423-Mammoth-Rd-Hickory-NC-28602/461722831_zpid/,,,,2026-09-11T00:00:00.000Z,Price change,2026-07-14T00:00:00.000Z,Listed for rent,2026-05-26T00:00:00.000Z,Listing removed,2026-05-19T00:00:00.000Z,Price change,2026-04-15T00:00:00.000Z,Listed for sale,,
"1419 Mammoth Rd, Hickory, NC 28602",1419 Mammoth Rd,Hickory,NC,,forRent,5,2368,,2275,21,https://www.zillow.com/homedetails/1419-Mammoth-Rd-Hickory-NC-28602/461722721_zpid/,,,292400,2026-09-02T00:00:00.000Z,Listed for rent,2026-08-20T00:00:00.000Z,Sold,2026-07-16T00:00:00.000Z,Pending sale,2026-04-15T00:00:00.000Z,Listed for sale,,,,
"4099 Oxford Glen Dr, Claremont, NC 28610",4099 Oxford Glen Dr,Claremont,NC,,forRent,4,1956,,1945,16,https://www.zillow.com/homedetails/4099-Oxford-Glen-Dr-Claremont-NC-28610/465094294_zpid/,,,,2026-09-08T00:00:00.000Z,Listed for rent,,,,,,,,,,
"4102 Oxford Glen Dr, Claremont, NC 28610",4102 Oxford Glen Dr,Claremont,NC,,forRent,3,1665,,1800,16,https://www.zillow.com/homedetails/4102-Oxford-Glen-Dr-Claremont-NC-28610/465094280_zpid/,,,,2026-09-08T00:00:00.000Z,Listed for rent,,,,,,,,,,
"4108 Oxford Glen Dr, Claremont, NC 28610",4108 Oxford Glen Dr,Claremont,NC,,forRent,5,2578,,2135,16,https://www.zillow.com/homedetails/4108-Oxford-Glen-Dr-Claremont-NC-28610/465094285_zpid/,,,,2026-09-08T00:00:00.000Z,Listed for rent,,,,,,,,,,
"4117 Oxford Glen Dr, Claremont, NC 28610",4117 Oxford Glen Dr,Claremont,NC,,forRent,3,1665,,1800,16,https://www.zillow.com/homedetails/4117-Oxford-Glen-Dr-Claremont-NC-28610/465094291_zpid/,,,,2026-09-08T00:00:00.000Z,Listed for rent,,,,,,,,,,
"4126 Oxford Glen Dr, Claremont, NC 28610",4126 Oxford Glen Dr,Claremont,NC,,forRent,5,2578,,2135,16,https://www.zillow.com/homedetails/4126-Oxford-Glen-Dr-Claremont-NC-28610/465094293_zpid/,,,,2026-09-08T00:00:00.000Z,Listed for rent,,,,,,,,,,
"4105 Oxford Glen Dr, Claremont, NC 28610",4105 Oxford Glen Dr,Claremont,NC,,forRent,5,2578,,2135,16,https://www.zillow.com/homedetails/4105-Oxford-Glen-Dr-Claremont-NC-28610/465094283_zpid/,,,,2026-09-08T00:00:00.000Z,Listed for rent,,,,,,,,,,
"4114 Oxford Glen Dr, Claremont, NC 28610",4114 Oxford Glen Dr,Claremont,NC,,forRent,4,2307,,1990,16,https://www.zillow.com/homedetails/4114-Oxford-Glen-Dr-Claremont-NC-28610/465094287_zpid/,,,,2026-09-08T00:00:00.000Z,Listed for rent,,,,,,,,,,
"4093 Oxford Glen Dr, Claremont, NC 28610",4093 Oxford Glen Dr,Claremont,NC,,forRent,4,2213,,1990,16,https://www.zillow.com/homedetails/4093-Oxford-Glen-Dr-Claremont-NC-28610/464050697_zpid/,,,,2026-09-08T00:00:00.000Z,Listed for rent,2026-08-14T00:00:00.000Z,Listing removed,2026-08-06T00:00:00.000Z,Price change,2026-07-28T00:00:00.000Z,Price change,2026-07-22T00:00:00.000Z,Listed for sale,,
"4081 Oxford Glen Dr, Claremont, NC 28610",4081 Oxford Glen Dr,Claremont,NC,,forRent,4,2307,,1990,16,https://www.zillow.com/homedetails/4081-Oxford-Glen-Dr-Claremont-NC-28610/465094290_zpid/,,,,2026-09-08T00:00:00.000Z,Listed for rent,,,,,,,,,,
"4096 Oxford Glen Dr, Claremont, NC 28610",4096 Oxford Glen Dr,Claremont,NC,,forRent,4,2307,,1990,16,https://www.zillow.com/homedetails/4096-Oxford-Glen-Dr-Claremont-NC-28610/465094295_zpid/,,,,2026-09-08T00:00:00.000Z,Listed for rent,,,,,,,,,,
"4078 Oxford Glen Dr, Claremont, NC 28610",4078 Oxford Glen Dr,Claremont,NC,,forRent,5,2578,,2135,16,https://www.zillow.com/homedetails/4078-Oxford-Glen-Dr-Claremont-NC-28610/465094289_zpid/,,,,2026-09-08T00:00:00.000Z,Listed for rent,,,,,,,,,,
"4084 Oxford Glen Dr, Claremont, NC 28610",4084 Oxford Glen Dr,Claremont,NC,,forRent,3,1665,,1800,16,https://www.zillow.com/homedetails/4084-Oxford-Glen-Dr-Claremont-NC-28610/465094279_zpid/,,,,2026-09-08T00:00:00.000Z,Listed for rent,,,,,,,,,,
"4090 Oxford Glen Dr, Claremont, NC 28610",4090 Oxford Glen Dr,Claremont,NC,,forRent,4,1956,,1945,16,https://www.zillow.com/homedetails/4090-Oxford-Glen-Dr-Claremont-NC-28610/465094288_zpid/,,,,2026-09-08T00:00:00.000Z,Listed for rent,,,,,,,,,,
"4087 Oxford Glen Dr, Claremont, NC 28610",4087 Oxford Glen Dr,Claremont,NC,,forRent,5,2578,,2135,16,https://www.zillow.com/homedetails/4087-Oxford-Glen-Dr-Claremont-NC-28610/465094282_zpid/,,,,2026-09-08T00:00:00.000Z,Listed for rent,,,,,,,,,,
"4054 Oxford Glen Dr, Claremont, NC 28610",4054 Oxford Glen Dr,Claremont,NC,,forRent,3,1665,,1800,16,https://www.zillow.com/homedetails/4054-Oxford-Glen-Dr-Claremont-NC-28610/465094281_zpid/,,,,2026-09-08T00:00:00.000Z,Listed for rent,,,,,,,,,,
"2130 10th St SE, Hickory, NC 28602",2130 10th St SE,Hickory,NC,,forRent,4,2174,,2250,47,https://www.zillow.com/homedetails/2130-10th-St-SE-Hickory-NC-28602/463122074_zpid/,,,,2026-08-07T00:00:00.000Z,Listed for rent,2026-07-20T00:00:00.000Z,Listing removed,2026-07-17T00:00:00.000Z,Price change,2026-06-11T00:00:00.000Z,Listed for sale,,,,
"4066 Oxford Glen Dr, Claremont, NC 28610",4066 Oxford Glen Dr,Claremont,NC,,forRent,4,1956,,1945,16,https://www.zillow.com/homedetails/4066-Oxford-Glen-Dr-Claremont-NC-28610/465094292_zpid/,,,,2026-09-08T00:00:00.000Z,Listed for rent,,,,,,,,,,
"4075 Oxford Glen Dr, Claremont, NC 28610",4075 Oxford Glen Dr,Claremont,NC,,forRent,5,2578,,2135,16,https://www.zillow.com/homedetails/4075-Oxford-Glen-Dr-Claremont-NC-28610/465094286_zpid/,,,,2026-09-08T00:00:00.000Z,Listed for rent,,,,,,,,,,
"2098 10th St SE, Hickory, NC 28601",2098 10th St SE,Hickory,NC,,forRent,4,2174,,2295,21,https://www.zillow.com/homedetails/2098-10th-St-SE-Hickory-NC-28601/461180979_zpid/,,,309000,2026-09-22T00:00:00.000Z,Price change,2026-09-02T00:00:00.000Z,Listed for rent,2026-08-20T00:00:00.000Z,Sold,2026-03-20T00:00:00.000Z,Pending sale,2026-03-20T00:00:00.000Z,Listed for sale,,
"3755 Charles St NW, Conover, NC 28613",3755 Charles St NW,Conover,NC,,forRent,4,2565,,2400,82,https://www.zillow.com/homedetails/3755-Charles-St-NW-Conover-NC-28613/345078496_zpid/,,,359000,2026-08-05T00:00:00.000Z,Price change,2026-07-30T00:00:00.000Z,Price change,2026-07-18T00:00:00.000Z,Price change,2026-07-05T00:00:00.000Z,Listed for rent,2024-10-15T00:00:00.000Z,Sold,2024-08-13T00:00:00.000Z,Price change
"4072 Oxford Glen Dr, Claremont, NC 28610",4072 Oxford Glen Dr,Claremont,NC,,forRent,4,2307,,1990,16,https://www.zillow.com/homedetails/4072-Oxford-Glen-Dr-Claremont-NC-28610/465094284_zpid/,,,,2026-09-08T00:00:00.000Z,Listed for rent,,,,,,,,,,
"7083 Juneberry Way, Maiden, NC 28650",7083 Juneberry Way,Maiden,NC,,forRent,4,2628,,2349,28,https://www.zillow.com/homedetails/7083-Juneberry-Way-Maiden-NC-28650/464846943_zpid/,,,,2026-09-10T00:00:00.000Z,Price change,2026-08-26T00:00:00.000Z,Listed for rent,,,,,,,,
"7137 Juneberry Way, Maiden, NC 28650",7137 Juneberry Way,Maiden,NC,,forRent,4,2931,,2599,46,https://www.zillow.com/homedetails/7137-Juneberry-Way-Maiden-NC-28650/464413261_zpid/,,,,2026-09-10T00:00:00.000Z,Price change,2026-09-01T00:00:00.000Z,Price change,2026-08-08T00:00:00.000Z,Listed for rent,,,,,,
"1415 Mammoth Rd, Hickory, NC 28602",1415 Mammoth Rd,Hickory,NC,,forRent,4,1927,,2145,21,https://www.zillow.com/homedetails/1415-Mammoth-Rd-Hickory-NC-28602/461722523_zpid/,,,272500,2026-09-02T00:00:00.000Z,Listed for rent,2026-08-20T00:00:00.000Z,Sold,2026-07-16T00:00:00.000Z,Pending sale,2026-06-02T00:00:00.000Z,Price change,2026-04-15T00:00:00.000Z,Listed for sale,,
"7119 Juneberry Way, Maiden, NC 28650",7119 Juneberry Way,Maiden,NC,,forRent,4,2931,,2599,46,https://www.zillow.com/homedetails/7119-Juneberry-Way-Maiden-NC-28650/464413264_zpid/,,,,2026-09-10T00:00:00.000Z,Price change,2026-09-01T00:00:00.000Z,Price change,2026-08-08T00:00:00.000Z,Listed for rent,,,,,,
"422 Janie Cir, Hickory, NC 28601",422 Janie Cir,Hickory,NC,,forRent,4,2800,,2500,23,https://www.zillow.com/homedetails/422-Janie-Cir-Hickory-NC-28601/460859494_zpid/,,,,2026-09-01T00:00:00.000Z,Listed for rent,2026-07-21T00:00:00.000Z,Listing removed,2026-03-05T00:00:00.000Z,Listed for rent,,,,,,
"1406 Mammoth Rd, Hickory, NC 28602",1406 Mammoth Rd,Hickory,NC,,forRent,3,1749,,2025,21,https://www.zillow.com/homedetails/1406-Mammoth-Rd-Hickory-NC-28602/460650036_zpid/,,,258000,2026-09-02T00:00:00.000Z,Listed for rent,2026-08-20T00:00:00.000Z,Sold,2026-07-16T00:00:00.000Z,Pending sale,2026-06-02T00:00:00.000Z,Price change,2026-05-12T00:00:00.000Z,Price change,2026-02-24T00:00:00.000Z,Price change
"1411 Mammoth Rd, Hickory, NC 28602",1411 Mammoth Rd,Hickory,NC,,forRent,5,2368,,2255,21,https://www.zillow.com/homedetails/1411-Mammoth-Rd-Hickory-NC-28602/463736170_zpid/,,,292400,2026-09-02T00:00:00.000Z,Listed for rent,2026-08-20T00:00:00.000Z,Sold,2026-07-16T00:00:00.000Z,Pending sale,2026-07-08T00:00:00.000Z,Listed for sale,,,,
"450 Brinkley Dr, Kings Mountain, NC 28086",450 Brinkley Dr,Kings Mountain,NC,,sold,5,2511,,325000,35,https://www.zillow.com/homedetails/450-Brinkley-Dr-Kings-Mountain-NC-28086/463353765_zpid/,,,325000,2026-09-18T00:00:00.000Z,Listing removed,2026-09-02T00:00:00.000Z,Listed for rent,2026-08-20T00:00:00.000Z,Sold,2026-07-16T00:00:00.000Z,Pending sale,2026-06-19T00:00:00.000Z,Listed for sale,,
"242 Colton Ct, Kings Mountain, NC 28086",242 Colton Ct,Kings Mountain,NC,,forRent,5,2511,,2455,6,https://www.zillow.com/homedetails/242-Colton-Ct-Kings-Mountain-NC-28086/462106908_zpid/,,,325000,2026-09-17T00:00:00.000Z,Listed for rent,2026-08-20T00:00:00.000Z,Sold,2026-07-16T00:00:00.000Z,Pending sale,2026-06-16T00:00:00.000Z,Price change,2026-05-01T00:00:00.000Z,Listed for sale,,
"456 Brinkley Dr, Kings Mountain, NC 28086",456 Brinkley Dr,Kings Mountain,NC,,forRent,3,2175,,2185,6,https://www.zillow.com/homedetails/456-Brinkley-Dr-Kings-Mountain-NC-28086/463854737_zpid/,,,295000,2026-09-22T00:00:00.000Z,Price change,2026-09-17T00:00:00.000Z,Listed for rent,2026-08-20T00:00:00.000Z,Sold,2026-07-16T00:00:00.000Z,Pending sale,2026-07-14T00:00:00.000Z,Listed for sale,,
"231 Brinkley Dr, Kings Mountain, NC 28086",231 Brinkley Dr,Kings Mountain,NC,,forRent,5,2400,,2395,69,https://www.zillow.com/homedetails/231-Brinkley-Dr-Kings-Mountain-NC-28086/349365612_zpid/,,,332000,2026-09-23T00:00:00.000Z,Price change,2026-08-07T00:00:00.000Z,Price change,2026-07-16T00:00:00.000Z,Listed for rent,2026-07-10T00:00:00.000Z,Sold,2026-05-14T00:00:00.000Z,Listed for sale,2026-05-10T00:00:00.000Z,Listing removed
"2290 Liberty Church Rd, Hickory, NC 28601",2290 Liberty Church Rd,Hickory,NC,,forRent,,,,,,https://www.zillow.com/apartments/hickory-nc/liberty-church-mhc/B5mtBZ/,,,,,,,,,,,,,,,
"1445 4th Street Dr NW, Hickory, NC 28601",1445 4th Street Dr NW,Hickory,NC,,forRent,,,,,,https://www.zillow.com/apartments/hickory-nc/the-townhomes-at-viewmont/5j8D4k/,,,,,,,,,,,,,,,
"3062 12th Ave SE, Hickory, NC 28602",3062 12th Ave SE,Hickory,NC,,forRent,,,,,,https://www.zillow.com/apartments/hickory-nc/redwood-hickory/ChZKXj/,,,,,,,,,,,,,,,
"1250 5th St NE, Hickory, NC 28601",1250 5th St NE,Hickory,NC,,forRent,,,,,,https://www.zillow.com/apartments/hickory-nc/hickory-trace-village-apartments/5XhwK5/,,,,,,,,,,,,,,,
"2778 2nd St NE, Hickory, NC 28601",2778 2nd St NE,Hickory,NC,,forRent,,,,,,https://www.zillow.com/apartments/hickory-nc/hawks-landing/CkWS4r/,,,,,,,,,,,,,,,
"2354 Mosteller Estate Ave SE, Hickory, NC 28602",2354 Mosteller Estate Ave SE,Hickory,NC,,forRent,,,,,,https://www.zillow.com/apartments/hickory-nc/the-estates-at-legends/CgHqZd/,,,,,,,,,,,,,,,
"330 3rd St NW, Hickory, NC 28601",330 3rd St NW,Hickory,NC,,other,,,,,,https://www.zillow.com/apartments/hickory-nc/330-triplex/9Pnvv8/,,,,,,,,,,,,,,,
"1009 22nd St NE, Hickory, NC 28601",1009 22nd St NE,Hickory,NC,,forRent,,,,,,https://www.zillow.com/apartments/hickory-nc/collins-management-llc-1009-22nd-street-northeast/9PnqKK/,,,,,,,,,,,,,,,
